CPF,Origem,Nome,Sexo,Telefone 1,Telefone 2,E-mail,Data de Nascimento,Data de Cadastro,Observações,Pode agendar online,Primeiro agendamento,Último agendamento,Status do primeiro agendamento,Status do último agendamento,Recebe e-mails agendamentos,Recebe e-mail sobre Programa de Fidelidade,CEP,Estado,Endereço,Número,Complemento,Bairro,Cidade,Como nos conheceu,Instagram
Null,Balcão,Cliente 1,Feminino,(71) 0000-0000,,,,2/11/2019,,Sim,22/10/2019,21/11/2019,Finalizado,Finalizado,Sim,Sim,,,,,,,,,
Null,Balcão,Cliente 2,Feminino,(71) 0000-0000,,,,2/11/2019,,Sim,,,,,Sim,Sim,,,,,,,,,
Null,Balcão,Cliente 3,Feminino,(71) 0000-0000,,,,11/11/2018,,Sim,10/11/2018,21/09/2019,Finalizado,Finalizado,Sim,Sim,,,,,,,,,
Null,Balcão,Cliente 4,Feminino,(71) 0000-0000,,,,20/10/2019,,Sim,5/10/2019,11/5/2023,Finalizado,Finalizado,Sim,Sim,,,,,,,,,
Null,Balcão,Cliente 5,Feminino,(71) 0000-0000,,,,16/01/2018,,Sim,,,,,Sim,Sim,,,,,,,,,
Null,Balcão,Cliente 6,Feminino,(71) 0000-0000,,,,16/01/2018,,Sim,16/01/2018,12/5/2023,Finalizado,Finalizado,Não,Sim,,,,,,,,,
Null,Balcão,Cliente 7,Feminino,(71) 0000-0000,,,,18/04/2023,,Sim,20/04/2023,6/5/2023,Finalizado,Finalizado,Sim,Sim,,,,,,,,,
Null,Balcão,Cliente 8,Feminino,(71) 0000-0000,,,,16/01/2018,,Sim,28/03/2019,4/5/2019,Finalizado,Finalizado,Sim,Sim,,,,,,,,,
Null,Balcão,Cliente 9,Feminino,(71) 0000-0000,,,,25/08/2019,,Sim,5/8/2019,29/10/2019,Finalizado,Finalizado,Sim,Sim,,,,,,,,,
Null,Balcão,Cliente 10,Feminino,(71) 0000-0000,,,,16/01/2018,,Sim,4/2/2019,4/2/2019,Finalizado,Finalizado,Sim,Sim,,,,,,,,,
Null,Balcão,Cliente 11,Feminino,(71) 0000-0000,,,,28/06/2018,,Sim,28/06/2018,28/06/2018,Finalizado,Finalizado,Sim,Sim,,,,,,,,,
Null,Balcão,Cliente 12,Feminino,(71) 0000-0000,,,,16/01/2018,,Sim,1/12/2018,1/12/2018,Confirmado,Confirmado,Sim,Sim,,,,,,,,,
Null,Balcão,Cliente 13,Feminino,(71) 0000-0000,,,,16/01/2018,,Sim,,,,,Sim,Sim,,,,,,,,,
Null,Balcão,Cliente 14,Feminino,(71) 0000-0000,,,,30/09/2018,,Sim,28/09/2018,15/02/2019,Finalizado,Finalizado,Sim,Sim,,,,,,,,,
Null,Balcão,Cliente 15,Feminino,(71) 0000-0000,,,,26/04/2018,,Sim,26/04/2018,26/04/2018,Cancelado,Finalizado,Sim,Sim,,,,,,,,,
Null,Balcão,Cliente 16,Feminino,(71) 0000-0000,,,,3/2/2020,,Sim,20/01/2020,1/2/2020,Finalizado,Finalizado,Sim,Sim,,,,,,,,,
Null,Balcão,Cliente 17,Feminino,(71) 0000-0000,,,,16/01/2018,,Sim,,,,,Sim,Sim,,,,,,,,,
Null,Balcão,Cliente 18,Feminino,(71) 0000-0000,,,,15/09/2018,,Sim,13/09/2018,13/09/2018,Finalizado,Finalizado,Não,Sim,,,,,,,,,
Null,Balcão,Cliente 19,Feminino,(71) 0000-0000,,,,16/01/2018,,Sim,22/02/2019,29/04/2019,Finalizado,Finalizado,Sim,Sim,,,,,,,,,
Null,Balcão,Cliente 20,Feminino,(71) 0000-0000,,,,7/3/2018,,Sim,7/3/2018,7/3/2018,Finalizado,Finalizado,Não,Sim,,,,,,,,,
Null,Balcão,Cliente 21,Feminino,(71) 0000-0000,,,,20/07/2018,,Sim,20/07/2018,6/3/2020,Finalizado,Finalizado,Sim,Sim,,,,,,,,,
Null,Balcão,Cliente 22,Feminino,(71) 0000-0000,,,,16/01/2018,,Sim,13/08/2019,13/09/2019,Finalizado,Finalizado,Sim,Sim,,,,,,,,,
Null,Balcão,Cliente 23,Feminino,(71) 0000-0000,,,,4/8/2018,,Sim,4/8/2018,4/3/2020,Finalizado,Finalizado,Não,Sim,,,,,,,,,
Null,Balcão,Cliente 24,Feminino,(71) 0000-0000,,,,16/01/2018,,Sim,21/07/2018,18/11/2019,Finalizado,Finalizado,Sim,Sim,,,,,,,,,
Null,Balcão,Cliente 25,Feminino,(71) 0000-0000,,,,16/01/2018,,Sim,,,,,Sim,Sim,,,,,,,,,
Null,Balcão,Cliente 26,Feminino,(71) 0000-0000,,,,16/01/2018,,Sim,11/10/2019,11/10/2019,Finalizado,Finalizado,Sim,Sim,,,,,,,,,
Null,Balcão,Cliente 27,Feminino,(71) 0000-0000,,,,12/5/2018,,Sim,12/5/2018,6/5/2023,Finalizado,Finalizado,Sim,Sim,,,,,,,,,
Null,Balcão,Cliente 28,Feminino,(71) 0000-0000,,,,5/4/2023,,Sim,5/4/2023,5/4/2023,Finalizado,Finalizado,Sim,Sim,,,,,,,,,
Null,Balcão,Cliente 29,Feminino,(71) 0000-0000,,,,5/4/2023,,Sim,6/4/2023,6/4/2023,Finalizado,Finalizado,Sim,Sim,,,,,,,,,
Null,Balcão,Cliente 30,Feminino,(71) 0000-0000,,,,16/01/2018,,Sim,21/06/2018,21/06/2018,Finalizado,Finalizado,Sim,Sim,,,,,,,,,
Null,Balcão,Cliente 31,Feminino,(71) 0000-0000,,,,2/2/2020,,Sim,6/1/2020,6/1/2020,Finalizado,Finalizado,Sim,Sim,,,,,,,,,
Null,Balcão,Cliente 32,Feminino,(71) 0000-0000,,,,5/10/2018,,Sim,4/10/2018,6/6/2019,Finalizado,Finalizado,Sim,Sim,,,,,,,,,
Null,Balcão,Cliente 33,Feminino,(71) 0000-0000,,,,23/05/2018,,Sim,23/05/2018,17/03/2020,Finalizado,Finalizado,Sim,Sim,,,,,,,,,
Null,Balcão,Cliente 34,Feminino,(71) 0000-0000,,,,16/01/2018,,Sim,15/06/2018,18/06/2019,Cancelado,Finalizado,Sim,Sim,,,,,,,,,
Null,Balcão,Cliente 35,Feminino,(71) 0000-0000,,,,2/11/2019,,Sim,12/10/2019,2/5/2023,Finalizado,Finalizado,Sim,Sim,,,,,,,,,
Null,Balcão,Cliente 36,Feminino,(71) 0000-0000,,,,13/06/2018,,Sim,13/06/2018,17/05/2019,Finalizado,Finalizado,Sim,Sim,,,,,,,,,
Null,Balcão,Cliente 37,Feminino,(71) 0000-0000,,,,2/6/2018,,Sim,2/6/2018,2/6/2018,Finalizado,Finalizado,Sim,Sim,,,,,,,,,
Null,Balcão,Cliente 38,Feminino,(71) 0000-0000,,,,16/01/2018,,Sim,,,,,Sim,Sim,,,,,,,,,
Null,Balcão,Cliente 39,Feminino,(71) 0000-0000,,,,26/01/2018,,Sim,26/01/2018,9/5/2023,Finalizado,Finalizado,Não,Sim,,,,,,,,,
Null,Balcão,Cliente 40,Feminino,(71) 0000-0000,,,,16/01/2018,,Sim,17/10/2018,22/05/2019,Finalizado,Finalizado,Sim,Sim,,,,,,,,,
Null,Balcão,Cliente 41,Feminino,(71) 0000-0000,,,,16/01/2018,,Sim,4/9/2019,4/9/2019,Finalizado,Finalizado,Sim,Sim,,,,,,,,,
Null,Balcão,Cliente 42,Feminino,(71) 0000-0000,,,,16/01/2018,,Sim,,,,,Sim,Sim,,,,,,,,,
Null,Balcão,Cliente 43,Feminino,(71) 0000-0000,,,,1/6/2018,,Sim,1/6/2018,2/3/2019,Finalizado,Finalizado,Sim,Sim,,,,,,,,,
Null,Balcão,Cliente 44,Feminino,(71) 0000-0000,,,,18/06/2018,,Sim,20/06/2018,27/04/2019,Finalizado,Finalizado,Sim,Sim,,,,,,,,,
Null,Balcão,Cliente 45,Feminino,(71) 0000-0000,,,,16/01/2018,,Sim,20/02/2019,5/2/2020,Finalizado,Finalizado,Sim,Sim,,,,,,,,,
Null,Balcão,Cliente 46,Feminino,(71) 0000-0000,,,,16/01/2018,,Sim,,,,,Sim,Sim,,,,,,,,,
Null,Balcão,Cliente 47,Feminino,(71) 0000-0000,,,,16/01/2018,,Sim,,,,,Sim,Sim,,,,,,,,,
Null,Balcão,Cliente 48,Feminino,(71) 0000-0000,,,,16/06/2018,,Sim,16/06/2018,16/06/2018,Confirmado,Confirmado,Sim,Sim,,,,,,,,,
Null,Balcão,Cliente 49,Feminino,(71) 0000-0000,,,,13/04/2018,,Sim,13/04/2018,10/5/2018,Cancelado,Finalizado,Sim,Sim,,,,,,,,,
Null,Balcão,Cliente 50,Feminino,(71) 0000-0000,,,,26/01/2019,,Sim,22/01/2019,30/01/2019,Finalizado,Finalizado,Sim,Sim,,,,,,,,,
Null,Balcão,Cliente 51,Feminino,(71) 0000-0000,,,,16/01/2018,,Sim,,,,,Sim,Sim,,,,,,,,,
Null,Balcão,Cliente 52,Feminino,(71) 0000-0000,,,,16/01/2018,,Sim,28/09/2018,21/03/2019,Finalizado,Finalizado,Sim,Sim,,,,,,,,,
Null,Balcão,Cliente 53,Feminino,(71) 0000-0000,,,,24/10/2018,,Sim,24/10/2018,5/1/2019,Finalizado,Finalizado,Sim,Sim,,,,,,,,,
Null,Balcão,Cliente 54,Feminino,(71) 0000-0000,,,,16/01/2018,,Sim,,,,,Sim,Sim,,,,,,,,,
Null,Balcão,Cliente 55,Feminino,(71) 0000-0000,,,,12/1/2019,,Sim,4/1/2019,21/06/2019,Finalizado,Finalizado,Sim,Sim,,,,,,,,,
Null,Balcão,Cliente 56,Feminino,(71) 0000-0000,,,,16/01/2018,,Sim,,,,,Sim,Sim,,,,,,,,,
Null,Balcão,Cliente 57,Feminino,(71) 0000-0000,,,,11/11/2018,,Sim,3/11/2018,7/12/2018,Finalizado,Finalizado,Sim,Sim,,,,,,,,,
Null,Balcão,Cliente 58,Feminino,(71) 0000-0000,,,,14/03/2018,,Sim,14/03/2018,14/03/2018,Finalizado,Finalizado,Sim,Sim,,,,,,,,,
Null,Balcão,Cliente 59,Feminino,(71) 0000-0000,,,,16/01/2018,,Sim,26/01/2019,26/01/2019,Finalizado,Finalizado,Sim,Sim,,,,,,,,,
Null,Balcão,Cliente 60,Feminino,(71) 0000-0000,,,,13/04/2018,,Sim,13/04/2018,15/04/2023,Finalizado,Finalizado,Sim,Sim,,,,,,,,,
Null,Balcão,Cliente 61,Feminino,(71) 0000-0000,,,,25/05/2018,,Sim,25/05/2018,16/08/2018,Finalizado,Finalizado,Sim,Sim,,,,,,,,,
Null,Balcão,Cliente 62,Feminino,(71) 0000-0000,,,,24/01/2018,,Sim,24/01/2018,2/8/2019,Finalizado,Finalizado,Não,Sim,,,,,,,,,
Null,Balcão,Cliente 63,Feminino,(71) 0000-0000,,,,1/2/2018,,Sim,1/2/2018,1/2/2018,Finalizado,Finalizado,Não,Sim,,,,,,,,,
Null,Balcão,Cliente 64,Feminino,(71) 0000-0000,,,,12/7/2018,,Sim,12/7/2018,12/9/2018,Finalizado,Finalizado,Sim,Sim,,,,,,,,,
Null,Balcão,Cliente 65,Feminino,(71) 0000-0000,,,,11/5/2018,,Sim,12/5/2018,14/03/2019,Cancelado,Finalizado,Sim,Sim,,,,,,,,,
Null,Balcão,Cliente 66,Feminino,(71) 0000-0000,,,,20/01/2019,,Sim,16/01/2019,13/03/2020,Finalizado,Finalizado,Sim,Sim,,,,,,,,,
Null,Balcão,Cliente 67,Feminino,(71) 0000-0000,,,,16/01/2018,,Sim,,,,,Sim,Sim,,,,,,,,,
Null,Balcão,Cliente 68,Feminino,(71) 0000-0000,,,,1/1/2019,,Sim,31/12/2018,31/12/2018,Finalizado,Finalizado,Sim,Sim,,,,,,,,,
Null,Balcão,Cliente 69,Feminino,(71) 0000-0000,,,,16/01/2018,,Sim,,,,,Sim,Sim,,,,,,,,,
Null,Balcão,Cliente 70,Feminino,(71) 0000-0000,,,,23/10/2018,,Sim,23/10/2018,30/10/2018,Finalizado,Finalizado,Sim,Sim,,,,,,,,,
Null,Balcão,Cliente 71,Feminino,(71) 0000-0000,,,,15/08/2018,,Sim,15/08/2018,11/3/2020,Finalizado,Finalizado,Sim,Sim,,,,,,,,,
Null,Balcão,Cliente 72,Feminino,(71) 0000-0000,,,,16/01/2018,,Sim,,,,,Sim,Sim,,,,,,,,,
Null,Balcão,Cliente 73,Feminino,(71) 0000-0000,,,,15/10/2018,,Sim,13/10/2018,13/10/2018,Finalizado,Finalizado,Sim,Sim,,,,,,,,,
Null,Balcão,Cliente 74,Feminino,(71) 0000-0000,,,,24/05/2018,,Sim,24/05/2018,20/08/2019,Finalizado,Finalizado,Sim,Sim,,,,,,,,,
Null,Balcão,Cliente 75,Feminino,(71) 0000-0000,,,,16/01/2018,,Sim,,,,,Sim,Sim,,,,,,,,,
Null,Balcão,Cliente 76,Feminino,(71) 0000-0000,,,,16/01/2018,,Sim,,,,,Sim,Sim,,,,,,,,,
Null,Balcão,Cliente 77,Feminino,(71) 0000-0000,,,,5/9/2018,,Sim,5/9/2018,5/9/2018,Finalizado,Finalizado,Sim,Sim,,,,,,,,,
Null,Balcão,Cliente 78,Feminino,(71) 0000-0000,,,,30/09/2018,,Sim,27/09/2018,3/10/2019,Finalizado,Finalizado,Sim,Sim,,,,,,,,,
Null,Balcão,Cliente 79,Feminino,(71) 0000-0000,,,,8/9/2018,,Sim,8/9/2018,8/9/2018,Finalizado,Finalizado,Não,Sim,,,,,,,,,
Null,Balcão,Cliente 80,Feminino,(71) 0000-0000,,,,16/01/2018,,Sim,8/6/2018,27/11/2019,Finalizado,Finalizado,Sim,Sim,,,,,,,,,
Null,Balcão,Cliente 81,Feminino,(71) 0000-0000,,,,16/01/2018,,Sim,,,,,Sim,Sim,,,,,,,,,
Null,Balcão,Cliente 82,Feminino,(71) 0000-0000,,,,16/12/2018,,Sim,5/12/2018,5/12/2018,Finalizado,Finalizado,Sim,Sim,,,,,,,,,
Null,Balcão,Cliente 83,Feminino,(71) 0000-0000,,,,16/01/2018,,Sim,26/09/2018,26/09/2018,Finalizado,Finalizado,Sim,Sim,,,,,,,,,
Null,Balcão,Cliente 84,Feminino,(71) 0000-0000,,,,21/04/2018,,Sim,21/04/2018,19/01/2019,Finalizado,Finalizado,Sim,Sim,,,,,,,,,
Null,Balcão,Cliente 85,Feminino,(71) 0000-0000,,,,5/4/2023,,Sim,5/4/2023,5/5/2023,Finalizado,Finalizado,Sim,Sim,,,,,,,,,
Null,Balcão,Cliente 86,Feminino,(71) 0000-0000,,,,20/07/2018,,Sim,20/07/2018,31/12/2019,Finalizado,Finalizado,Sim,Sim,,,,,,,,,
Null,Balcão,Cliente 87,Feminino,(71) 0000-0000,,,,5/4/2023,,Sim,5/4/2023,5/4/2023,Finalizado,Finalizado,Sim,Sim,,,,,,,,,
Null,Balcão,Cliente 88,Feminino,(71) 0000-0000,,,,16/01/2018,,Sim,,,,,Sim,Sim,,,,,,,,,
Null,Balcão,Cliente 89,Feminino,(71) 0000-0000,,,,30/06/2018,,Sim,30/06/2018,12/11/2019,Finalizado,Finalizado,Não,Sim,,,,,,,,,
Null,Balcão,Cliente 90,Feminino,(71) 0000-0000,,,,16/01/2018,,Sim,,,,,Sim,Sim,,,,,,,,,
Null,Balcão,Cliente 91,Feminino,(71) 0000-0000,,,,11/9/2018,,Sim,11/9/2018,11/9/2018,Finalizado,Finalizado,Não,Sim,,,,,,,,,
Null,Balcão,Cliente 92,Feminino,(71) 0000-0000,,,,24/09/2019,,Sim,2/9/2019,7/11/2019,Finalizado,Finalizado,Sim,Sim,,,,,,,,,
Null,Balcão,Cliente 93,Feminino,(71) 0000-0000,,,,2/3/2020,,Sim,15/02/2020,15/02/2020,Finalizado,Finalizado,Sim,Sim,,,,,,,,,
Null,Balcão,Cliente 94,Feminino,(71) 0000-0000,,,,2/3/2020,,Sim,10/2/2020,6/3/2020,Finalizado,Finalizado,Sim,Sim,,,,,,,,,
Null,Balcão,Cliente 95,Feminino,(71) 0000-0000,,,,15/10/2018,,Sim,13/10/2018,13/10/2018,Finalizado,Finalizado,Sim,Sim,,,,,,,,,
Null,Balcão,Cliente 96,Feminino,(71) 0000-0000,,,,10/3/2018,,Sim,10/3/2018,10/3/2018,Finalizado,Finalizado,Sim,Sim,,,,,,,,,
Null,Balcão,Cliente 97,Feminino,(71) 0000-0000,,,,17/05/2023,,Sim,17/05/2023,17/05/2023,Finalizado,Finalizado,Sim,Sim,,,,,,,,,
Null,Balcão,Cliente 98,Feminino,(71) 0000-0000,,,,14/04/2018,,Sim,14/04/2018,2/6/2018,Finalizado,Finalizado,Sim,Sim,,,,,,,,,
Null,Balcão,Cliente 99,Feminino,(71) 0000-0000,,,,24/08/2018,,Sim,25/08/2018,25/08/2018,Finalizado,Finalizado,Sim,Sim,,,,,,,,,
Null,Balcão,Cliente 100,Feminino,(71) 0000-0000,,,,11/4/2023,,Sim,1/4/2023,1/4/2023,Finalizado,Finalizado,Sim,Sim,,,,,,,,,
Null,Balcão,Cliente 101,Feminino,(71) 0000-0000,,,,16/01/2018,,Sim,19/01/2018,20/12/2019,Finalizado,Finalizado,Sim,Sim,,,,,,,,,
Null,Balcão,Cliente 102,Feminino,(71) 0000-0000,,,,18/04/2018,,Sim,19/05/2018,16/02/2019,Cancelado,Finalizado,Sim,Sim,,,,,,,,,
Null,Balcão,Cliente 103,Feminino,(71) 0000-0000,,,,6/4/2018,,Sim,6/4/2018,5/7/2018,Finalizado,Finalizado,Não,Sim,,,,,,,,,
Null,Balcão,Cliente 104,Feminino,(71) 0000-0000,,,,16/01/2018,,Sim,13/05/2019,13/05/2019,Finalizado,Finalizado,Sim,Sim,,,,,,,,,
Null,Balcão,Cliente 105,Feminino,(71) 0000-0000,,,,16/01/2018,,Sim,26/10/2019,26/10/2019,Finalizado,Finalizado,Sim,Sim,,,,,,,,,
Null,Balcão,Cliente 106,Feminino,(71) 0000-0000,,,,16/01/2018,,Sim,,,,,Sim,Sim,,,,,,,,,
Null,Balcão,Cliente 107,Feminino,(71) 0000-0000,,,,16/01/2018,,Sim,,,,,Sim,Sim,,,,,,,,,
Null,Balcão,Cliente 108,Feminino,(71) 0000-0000,,,,8/2/2018,,Sim,8/2/2018,10/12/2019,Finalizado,Finalizado,Não,Sim,,,,,,,,,
Null,Balcão,Cliente 109,Feminino,(71) 0000-0000,,,,2/4/2020,,Sim,6/3/2020,6/3/2020,Finalizado,Finalizado,Sim,Sim,,,,,,,,,
Null,Balcão,Cliente 110,Feminino,(71) 0000-0000,,,,11/4/2023,,Sim,11/4/2023,11/4/2023,Finalizado,Finalizado,Sim,Sim,,,,,,,,,
Null,Balcão,Cliente 111,Feminino,(71) 0000-0000,,,,31/12/2018,,Sim,27/12/2018,18/12/2019,Finalizado,Finalizado,Sim,Sim,,,,,,,,,
Null,Balcão,Cliente 112,Feminino,(71) 0000-0000,,,,31/08/2018,,Sim,31/08/2018,7/12/2019,Finalizado,Finalizado,Não,Sim,,,,,,,,,
Null,Balcão,Cliente 113,Feminino,(71) 0000-0000,,,,10/3/2018,,Sim,10/3/2018,17/03/2018,Finalizado,Cliente não compareceu,Sim,Sim,,,,,,,,,
Null,Balcão,Cliente 114,Feminino,(71) 0000-0000,,,,10/7/2018,,Sim,10/7/2018,12/9/2018,Finalizado,Finalizado,Sim,Sim,,,,,,,,,
Null,Balcão,Cliente 115,Feminino,(71) 0000-0000,,,,20/01/2018,,Sim,18/01/2018,20/04/2023,Finalizado,Cancelado,Não,Sim,,,,,,,,,
Null,Balcão,Cliente 116,Feminino,(71) 0000-0000,,,,17/11/2021,,Sim,4/12/2021,12/5/2023,Confirmado,Finalizado,Sim,Sim,,,,,,,,,
Null,Balcão,Cliente 117,Feminino,(71) 0000-0000,,,,15/10/2018,,Sim,10/10/2018,10/10/2018,Finalizado,Finalizado,Sim,Sim,,,,,,,,,
Null,Balcão,Cliente 118,Feminino,(71) 0000-0000,,,,26/10/2018,,Sim,25/10/2018,25/10/2018,Finalizado,Finalizado,Sim,Sim,,,,,,,,,
Null,Balcão,Cliente 119,Feminino,(71) 0000-0000,,,,8/4/2023,,Sim,8/4/2023,8/4/2023,Finalizado,Finalizado,Sim,Sim,,,,,,,,,
Null,Balcão,Cliente 120,Feminino,(71) 0000-0000,,,,19/10/2019,,Sim,1/10/2019,14/12/2019,Finalizado,Finalizado,Sim,Sim,,,,,,,,,
Null,Balcão,Cliente 121,Feminino,(71) 0000-0000,,,,15/10/2018,,Sim,13/10/2018,26/02/2020,Finalizado,Finalizado,Sim,Sim,,,,,,,,,
Null,Balcão,Cliente 122,Feminino,(71) 0000-0000,,,,20/07/2018,,Sim,20/07/2018,12/3/2020,Finalizado,Finalizado,Sim,Sim,,,,,,,,,
Null,Balcão,Cliente 123,Feminino,(71) 0000-0000,,,,9/3/2018,,Sim,9/3/2018,10/2/2020,Finalizado,Finalizado,Sim,Sim,,,,,,,,,
Null,Balcão,Cliente 124,Feminino,(71) 0000-0000,,,,26/11/2018,,Sim,22/11/2018,8/6/2019,Finalizado,Finalizado,Sim,Sim,,,,,,,,,
Null,Balcão,Cliente 125,Feminino,(71) 0000-0000,,,,15/05/2018,,Sim,15/05/2018,7/2/2019,Finalizado,Finalizado,Sim,Sim,,,,,,,,,
Null,Balcão,Cliente 126,Feminino,(71) 0000-0000,,,,7/7/2018,,Sim,7/7/2018,15/02/2020,Finalizado,Finalizado,Não,Sim,,,,,,,,,
Null,Balcão,Cliente 127,Feminino,(71) 0000-0000,,,,22/10/2018,,Sim,18/10/2018,18/10/2018,Finalizado,Finalizado,Sim,Sim,,,,,,,,,
Null,Balcão,Cliente 128,Feminino,(71) 0000-0000,,,,30/08/2018,,Sim,29/08/2018,29/08/2018,Finalizado,Finalizado,Sim,Sim,,,,,,,,,
Null,Balcão,Cliente 129,Feminino,(71) 0000-0000,,,,7/9/2018,,Sim,6/9/2018,6/9/2018,Finalizado,Finalizado,Não,Sim,,,,,,,,,
Null,Balcão,Cliente 130,Feminino,(71) 0000-0000,,,,30/01/2018,,Sim,30/01/2018,18/10/2019,Finalizado,Finalizado,Não,Sim,,,,,,,,,
Null,Balcão,Cliente 131,Feminino,(71) 0000-0000,,,,30/01/2018,,Sim,30/01/2018,9/10/2018,Finalizado,Finalizado,Não,Sim,,,,,,,,,
Null,Balcão,Cliente 132,Feminino,(71) 0000-0000,,,,24/03/2018,,Sim,24/03/2018,3/3/2020,Finalizado,Finalizado,Não,Sim,,,,,,,,,
Null,Balcão,Cliente 133,Feminino,(71) 0000-0000,,,,11/11/2018,,Sim,3/11/2018,3/11/2018,Finalizado,Finalizado,Sim,Sim,,,,,,,,,
Null,Balcão,Cliente 134,Feminino,(71) 0000-0000,,,,3/3/2018,,Sim,3/3/2018,16/03/2018,Finalizado,Finalizado,Sim,Sim,,,,,,,,,
Null,Balcão,Cliente 135,Feminino,(71) 0000-0000,,,,23/04/2019,,Sim,18/04/2019,18/04/2019,Finalizado,Finalizado,Sim,Sim,,,,,,,,,
Null,Balcão,Cliente 136,Feminino,(71) 0000-0000,,,,16/06/2018,,Sim,16/06/2018,16/06/2018,Finalizado,Finalizado,Sim,Sim,,,,,,,,,
Null,Balcão,Cliente 137,Feminino,(71) 0000-0000,,,,1/12/2018,,Sim,1/12/2018,17/01/2020,Finalizado,Finalizado,Sim,Sim,,,,,,,,,
Null,Balcão,Cliente 138,Feminino,(71) 0000-0000,,,,6/6/2018,,Sim,,,,,Sim,Sim,,,,,,,,,
Null,Balcão,Cliente 139,Feminino,(71) 0000-0000,,,,13/07/2018,,Sim,13/07/2018,14/10/2019,Finalizado,Finalizado,Sim,Sim,,,,,,,,,
Null,Balcão,Cliente 140,Feminino,(71) 0000-0000,,,,14/05/2019,,Sim,4/5/2019,26/10/2019,Finalizado,Finalizado,Sim,Sim,,,,,,,,,
Null,Balcão,Cliente 141,Feminino,(71) 0000-0000,,,,7/5/2023,,Sim,6/5/2023,6/5/2023,Finalizado,Finalizado,Sim,Sim,,,,,,,,,
Null,Balcão,Cliente 142,Feminino,(71) 0000-0000,,,,7/2/2018,,Sim,7/2/2018,7/2/2018,Finalizado,Finalizado,Não,Sim,,,,,,,,,
Null,Balcão,Cliente 143,Feminino,(71) 0000-0000,,,,30/06/2019,,Sim,10/6/2019,10/6/2019,Finalizado,Finalizado,Sim,Sim,,,,,,,,,
Null,Balcão,Cliente 144,Feminino,(71) 0000-0000,,,,27/09/2019,,Sim,23/09/2019,5/11/2019,Finalizado,Finalizado,Sim,Sim,,,,,,,,,
Null,Balcão,Cliente 145,Feminino,(71) 0000-0000,,,,4/4/2018,,Sim,4/4/2018,13/01/2020,Finalizado,Finalizado,Sim,Sim,,,,,,,,,
Null,Balcão,Cliente 146,Feminino,(71) 0000-0000,,,,5/5/2023,,Sim,6/5/2023,17/05/2023,Finalizado,Finalizado,Sim,Sim,,,,,,,,,
Null,Balcão,Cliente 147,Feminino,(71) 0000-0000,,,,7/8/2018,,Sim,7/8/2018,7/8/2018,Finalizado,Finalizado,Sim,Sim,,,,,,,,,
Null,Balcão,Cliente 148,Feminino,(71) 0000-0000,,,,6/2/2018,,Sim,6/2/2018,28/02/2018,Finalizado,Finalizado,Não,Sim,,,,,,,,,
Null,Balcão,Cliente 149,Feminino,(71) 0000-0000,,,,26/01/2019,,Sim,25/01/2019,25/01/2019,Finalizado,Finalizado,Sim,Sim,,,,,,,,,
Null,Balcão,Cliente 150,Feminino,(71) 0000-0000,,,,25/05/2018,,Sim,25/05/2018,31/01/2019,Finalizado,Finalizado,Sim,Sim,,,,,,,,,
Null,Balcão,Cliente 151,Feminino,(71) 0000-0000,,,,28/08/2018,,Sim,28/08/2018,31/12/2018,Finalizado,Finalizado,Sim,Sim,,,,,,,,,
Null,Balcão,Cliente 152,Feminino,(71) 0000-0000,,,,5/4/2023,,Sim,8/4/2023,22/04/2023,Finalizado,Finalizado,Sim,Sim,,,,,,,,,
Null,Balcão,Cliente 153,Feminino,(71) 0000-0000,,,,15/05/2019,,Sim,10/5/2019,25/04/2023,Finalizado,Finalizado,Sim,Sim,,,,,,,,,
Null,Balcão,Cliente 154,Feminino,(71) 0000-0000,,,,1/12/2018,,Sim,27/11/2018,27/11/2018,Finalizado,Finalizado,Sim,Sim,,,,,,,,,
Null,Balcão,Cliente 155,Feminino,(71) 0000-0000,,,,19/04/2023,,Sim,22/04/2023,22/04/2023,Finalizado,Finalizado,Sim,Sim,,,,,,,,,
Null,Balcão,Cliente 156,Feminino,(71) 0000-0000,,,,17/01/2018,,Sim,12/1/2018,6/7/2019,Finalizado,Finalizado,Sim,Sim,,,,,,,,,
Null,Balcão,Cliente 157,Feminino,(71) 0000-0000,,,,9/6/2018,,Sim,9/6/2018,14/06/2019,Finalizado,Finalizado,Não,Sim,,,,,,,,,
Null,Balcão,Cliente 158,Feminino,(71) 0000-0000,,,,1/2/2018,,Sim,2/2/2018,1/3/2018,Finalizado,Finalizado,Não,Sim,,,,,,,,,
Null,Balcão,Cliente 159,Feminino,(71) 0000-0000,,,,26/04/2018,,Sim,26/04/2018,26/04/2018,Cancelado,Cancelado,Sim,Sim,,,,,,,,,
Null,Balcão,Cliente 160,Feminino,(71) 0000-0000,,,,12/5/2023,,Sim,12/5/2023,26/05/2023,Finalizado,Confirmado,Sim,Sim,,,,,,,,,
Null,Balcão,Cliente 161,Feminino,(71) 0000-0000,,,,30/04/2023,,Sim,29/04/2023,29/04/2023,Finalizado,Finalizado,Sim,Sim,,,,,,,,,
Null,Balcão,Cliente 162,Feminino,(71) 0000-0000,,,,30/04/2023,,Sim,29/04/2023,29/04/2023,Finalizado,Finalizado,Sim,Sim,,,,,,,,,
Null,Balcão,Cliente 163,Feminino,(71) 0000-0000,,,,1/3/2020,,Sim,4/2/2020,26/04/2023,Finalizado,Finalizado,Sim,Sim,,,,,,,,,
Null,Balcão,Cliente 164,Feminino,(71) 0000-0000,,,,8/4/2023,,Sim,8/4/2023,16/05/2023,Finalizado,Finalizado,Sim,Sim,,,,,,,,,
Null,Balcão,Cliente 165,Feminino,(71) 0000-0000,,,,17/02/2018,,Sim,17/02/2018,28/11/2018,Finalizado,Confirmado,Não,Sim,,,,,,,,,
Null,Balcão,Cliente 166,Feminino,(71) 0000-0000,,,,7/2/2018,,Sim,7/2/2018,12/5/2018,Finalizado,Finalizado,Não,Sim,,,,,,,,,
Null,Balcão,Cliente 167,Feminino,(71) 0000-0000,,,,16/05/2018,,Sim,16/05/2018,21/12/2019,Finalizado,Finalizado,Sim,Sim,,,,,,,,,
Null,Balcão,Cliente 168,Feminino,(71) 0000-0000,,,,8/3/2018,,Sim,8/3/2018,8/7/2019,Finalizado,Finalizado,Sim,Sim,,,,,,,,,
Null,Balcão,Cliente 169,Feminino,(71) 0000-0000,,,,15/01/2019,,Sim,12/1/2019,12/1/2019,Finalizado,Finalizado,Sim,Sim,,,,,,,,,
Null,Balcão,Cliente 170,Feminino,(71) 0000-0000,,,,15/05/2023,,Sim,13/05/2023,13/05/2023,Finalizado,Finalizado,Sim,Sim,,,,,,,,,
Null,Balcão,Cliente 171,Feminino,(71) 0000-0000,,,,6/4/2018,,Sim,6/4/2018,2/3/2019,Finalizado,Finalizado,Não,Sim,,,,,,,,,
Null,Balcão,Cliente 172,Feminino,(71) 0000-0000,,,,17/04/2023,,Sim,18/04/2023,18/04/2023,Finalizado,Finalizado,Sim,Sim,,,,,,,,,
Null,Balcão,Cliente 173,Feminino,(71) 0000-0000,,,,6/6/2018,,Sim,6/6/2018,6/6/2018,Finalizado,Finalizado,Sim,Sim,,,,,,,,,
Null,Balcão,Cliente 174,Feminino,(71) 0000-0000,,,,7/2/2018,,Sim,7/2/2018,7/2/2018,Finalizado,Finalizado,Sim,Sim,,,,,,,,,
Null,Balcão,Cliente 175,Feminino,(71) 0000-0000,,,,17/01/2018,,Sim,12/1/2018,15/02/2020,Finalizado,Finalizado,Não,Sim,,,,,,,,,
Null,Balcão,Cliente 176,Feminino,(71) 0000-0000,,,,3/2/2018,,Sim,3/2/2018,24/11/2018,Finalizado,Finalizado,Não,Sim,,,,,,,,,
Null,Balcão,Cliente 177,Feminino,(71) 0000-0000,,,,24/07/2018,,Sim,24/07/2018,14/03/2020,Finalizado,Finalizado,Sim,Sim,,,,,,,,,
Null,Balcão,Cliente 178,Feminino,(71) 0000-0000,,,,17/11/2018,,Sim,14/11/2018,29/04/2019,Finalizado,Finalizado,Sim,Sim,,,,,,,,,
Null,Balcão,Cliente 179,Feminino,(71) 0000-0000,,,,31/01/2019,,Sim,31/01/2019,31/01/2019,Finalizado,Finalizado,Sim,Sim,,,,,,,,,
Null,Balcão,Cliente 180,Feminino,(71) 0000-0000,,,,16/12/2018,,Sim,5/12/2018,5/12/2018,Finalizado,Finalizado,Sim,Sim,,,,,,,,,
Null,Balcão,Cliente 181,Feminino,(71) 0000-0000,,,,19/05/2018,,Sim,19/05/2018,3/2/2020,Finalizado,Finalizado,Sim,Sim,,,,,,,,,
Null,Balcão,Cliente 182,Feminino,(71) 0000-0000,,,,2/3/2018,,Sim,2/3/2018,12/2/2020,Finalizado,Finalizado,Sim,Sim,,,,,,,,,
Null,Balcão,Cliente 183,Feminino,(71) 0000-0000,,,,1/12/2018,,Sim,1/12/2018,17/05/2023,Confirmado,Finalizado,Sim,Sim,,,,,,,,,
Null,Balcão,Cliente 184,Feminino,(71) 0000-0000,,,,7/3/2018,,Sim,10/3/2018,6/3/2020,Cancelado,Finalizado,Sim,Sim,,,,,,,,,
Null,Balcão,Cliente 185,Feminino,(71) 0000-0000,,,,15/10/2018,,Sim,9/10/2018,20/04/2023,Finalizado,Finalizado,Sim,Sim,,,,,,,,,
Null,Balcão,Cliente 186,Feminino,(71) 0000-0000,,,,1/12/2018,,Sim,27/11/2018,29/11/2019,Finalizado,Finalizado,Sim,Sim,,,,,,,,,
Null,Balcão,Cliente 187,Feminino,(71) 0000-0000,,,,13/04/2018,,Sim,13/04/2018,19/09/2018,Finalizado,Finalizado,Sim,Sim,,,,,,,,,
Null,Balcão,Cliente 188,Feminino,(71) 0000-0000,,,,1/12/2019,,Sim,,,,,Sim,Sim,,,,,,,,,
Null,Balcão,Cliente 189,Feminino,(71) 0000-0000,,,,1/12/2019,,Sim,20/11/2019,10/3/2020,Finalizado,Finalizado,Sim,Sim,,,,,,,,,
Null,Balcão,Cliente 190,Feminino,(71) 0000-0000,,,,30/01/2018,,Sim,31/01/2018,31/01/2018,Finalizado,Finalizado,Não,Sim,,,,,,,,,
Null,Balcão,Cliente 191,Feminino,(71) 0000-0000,,,,2/9/2019,,Sim,21/08/2019,26/09/2019,Finalizado,Finalizado,Sim,Sim,,,,,,,,,
Null,Balcão,Cliente 192,Feminino,(71) 0000-0000,,,,20/02/2018,,Sim,21/02/2018,21/02/2018,Finalizado,Finalizado,Não,Sim,,,,,,,,,
Null,Balcão,Cliente 193,Feminino,(71) 0000-0000,,,,9/2/2018,,Sim,10/2/2018,6/5/2023,Finalizado,Finalizado,Não,Sim,,,,,,,,,
Null,Balcão,Cliente 194,Feminino,(71) 0000-0000,,,,26/02/2019,,Sim,25/02/2019,7/1/2020,Finalizado,Finalizado,Sim,Sim,,,,,,,,,
Null,Balcão,Cliente 195,Feminino,(71) 0000-0000,,,,15/06/2018,,Sim,15/06/2018,21/06/2018,Finalizado,Finalizado,Não,Sim,,,,,,,,,
Null,Balcão,Cliente 196,Feminino,(71) 0000-0000,,,,1/12/2018,,Sim,1/12/2018,9/3/2020,Finalizado,Finalizado,Sim,Sim,,,,,,,,,
Null,Balcão,Cliente 197,Feminino,(71) 0000-0000,,,,17/01/2018,,Sim,16/01/2018,10/5/2023,Finalizado,Finalizado,Não,Sim,,,,,,,,,
Null,Balcão,Cliente 198,Feminino,(71) 0000-0000,,,,26/07/2019,,Sim,1/7/2019,5/8/2019,Finalizado,Finalizado,Sim,Sim,,,,,,,,,
Null,Balcão,Cliente 199,Feminino,(71) 0000-0000,,,,12/6/2018,,Sim,12/6/2018,12/6/2018,Finalizado,Finalizado,Não,Sim,,,,,,,,,
Null,Balcão,Cliente 200,Feminino,(71) 0000-0000,,,,11/11/2018,,Sim,6/11/2018,6/11/2018,Finalizado,Finalizado,Não,Sim,,,,,,,,,
Null,Balcão,Cliente 201,Feminino,(71) 0000-0000,,,,10/7/2018,,Sim,10/7/2018,10/7/2018,Finalizado,Finalizado,Sim,Sim,,,,,,,,,
Null,Balcão,Cliente 202,Feminino,(71) 0000-0000,,,,6/4/2018,,Sim,6/4/2018,26/04/2019,Finalizado,Finalizado,Sim,Sim,,,,,,,,,
Null,Balcão,Cliente 203,Feminino,(71) 0000-0000,,,,22/12/2018,,Sim,21/12/2018,21/12/2018,Finalizado,Finalizado,Sim,Sim,,,,,,,,,
Null,Balcão,Cliente 204,Feminino,(71) 0000-0000,,,,25/04/2018,,Sim,25/04/2018,25/04/2018,Finalizado,Finalizado,Sim,Sim,,,,,,,,,
Null,Balcão,Cliente 205,Feminino,(71) 0000-0000,,,,3/2/2018,,Sim,10/2/2018,12/2/2019,Finalizado,Finalizado,Não,Sim,,,,,,,,,
Null,Balcão,Cliente 206,Feminino,(71) 0000-0000,,,,22/12/2018,,Sim,22/12/2018,22/12/2018,Finalizado,Finalizado,Sim,Sim,,,,,,,,,
Null,Balcão,Cliente 207,Feminino,(71) 0000-0000,,,,15/10/2018,,Sim,10/10/2018,10/10/2018,Finalizado,Finalizado,Sim,Sim,,,,,,,,,
Null,Balcão,Cliente 208,Feminino,(71) 0000-0000,,,,8/3/2018,,Sim,14/03/2018,14/03/2018,Cancelado,Cancelado,Sim,Sim,,,,,,,,,
Null,Balcão,Cliente 209,Feminino,(71) 0000-0000,,,,31/03/2019,,Sim,27/03/2019,27/03/2019,Finalizado,Finalizado,Sim,Sim,,,,,,,,,
Null,Balcão,Cliente 210,Feminino,(71) 0000-0000,,,,1/1/2020,,Sim,18/12/2019,18/12/2019,Finalizado,Finalizado,Sim,Sim,,,,,,,,,
Null,Balcão,Cliente 211,Feminino,(71) 0000-0000,,,,5/4/2023,,Sim,5/4/2023,9/5/2023,Finalizado,Finalizado,Sim,Sim,,,,,,,,,
Null,Balcão,Cliente 212,Feminino,(71) 0000-0000,,,,15/05/2019,,Sim,8/5/2019,21/02/2020,Finalizado,Finalizado,Sim,Sim,,,,,,,,,
Null,Balcão,Cliente 213,Feminino,(71) 0000-0000,,,,23/04/2019,,Sim,11/4/2019,28/11/2019,Finalizado,Finalizado,Sim,Sim,,,,,,,,,
Null,Balcão,Cliente 214,Feminino,(71) 0000-0000,,,,28/02/2019,,Sim,28/02/2019,28/02/2019,Finalizado,Finalizado,Sim,Sim,,,,,,,,,
Null,Balcão,Cliente 215,Feminino,(71) 0000-0000,,,,30/05/2019,,Sim,23/05/2019,10/5/2023,Finalizado,Finalizado,Sim,Sim,,,,,,,,,
Null,Balcão,Cliente 216,Feminino,(71) 0000-0000,,,,5/4/2023,20 grs de 7.31 keune U.C,,,,,,,,,,,,,,,,
Null,Sim,Cliente 217,19/05/2023,(71) 0000-0000,,,,,,,,,,,,,,,,,,,,,
Null,Balcão,Cliente 218,Feminino,(71) 0000-0000,,,,2/5/2018,,Sim,3/5/2018,16/05/2019,Finalizado,Finalizado,Sim,Sim,,,,,,,,,
Null,Balcão,Cliente 219,Feminino,(71) 0000-0000,,,,23/04/2019,,Sim,8/4/2019,19/06/2019,Finalizado,Finalizado,Sim,Sim,,,,,,,,,
Null,Balcão,Cliente 220,Feminino,(71) 0000-0000,,,,9/5/2023,,Sim,9/5/2023,9/5/2023,Finalizado,Finalizado,Sim,Sim,,,,,,,,,
Null,Balcão,Cliente 221,Feminino,(71) 0000-0000,,,,23/01/2018,,Sim,23/01/2018,27/12/2019,Finalizado,Finalizado,Não,Sim,,,,,,,,,
Null,Balcão,Cliente 222,Feminino,(71) 0000-0000,,,,31/03/2019,,Sim,30/03/2019,30/03/2019,Finalizado,Finalizado,Sim,Sim,,,,,,,,,
Null,Balcão,Cliente 223,Feminino,(71) 0000-0000,,,,12/1/2019,,Sim,7/1/2019,23/10/2019,Finalizado,Finalizado,Sim,Sim,,,,,,,,,
Null,Balcão,Cliente 224,Feminino,(71) 0000-0000,,,,16/06/2018,,Sim,16/06/2018,13/03/2020,Finalizado,Finalizado,Não,Sim,,,,,,,,,
Null,Balcão,Cliente 225,Feminino,(71) 0000-0000,,,,26/11/2018,,Sim,21/11/2018,24/11/2018,Cancelado,Finalizado,Sim,Sim,,,,,,,,,
Null,Balcão,Cliente 226,Feminino,(71) 0000-0000,,,,2/6/2018,,Sim,2/6/2018,2/6/2018,Cancelado,Finalizado,Sim,Sim,,,,,,,,,
Null,Balcão,Cliente 227,Feminino,(71) 0000-0000,,,,5/3/2018,,Sim,10/3/2018,11/1/2020,Finalizado,Finalizado,Sim,Sim,,,,,,,,,
Null,Balcão,Cliente 228,Feminino,(71) 0000-0000,,,,17/01/2018,,Sim,13/01/2018,9/12/2019,Finalizado,Finalizado,Não,Sim,,,,,,,,,
Null,Balcão,Cliente 229,Feminino,(71) 0000-0000,,,,17/01/2018,,Sim,10/1/2018,20/04/2018,Finalizado,Finalizado,Não,Sim,,,,,,,,,
Null,Balcão,Cliente 230,Feminino,(71) 0000-0000,,,,6/4/2023,,Sim,4/5/2023,4/5/2023,Finalizado,Finalizado,Sim,Sim,,,,,,,,,
Null,Balcão,Cliente 231,Feminino,(71) 0000-0000,,,,26/11/2018,,Sim,21/11/2018,14/11/2019,Confirmado,Finalizado,Sim,Sim,,,,,,,,,
Null,Balcão,Cliente 232,Feminino,(71) 0000-0000,,,,6/4/2023,,Sim,6/4/2023,13/05/2023,Finalizado,Finalizado,Sim,Sim,,,,,,,,,
Null,Balcão,Cliente 233,Feminino,(71) 0000-0000,,,,7/9/2018,,Sim,6/9/2018,8/9/2018,Finalizado,Cancelado,Não,Sim,,,,,,,,,
Null,Balcão,Cliente 234,Feminino,(71) 0000-0000,,,,1/5/2019,,Sim,25/04/2019,27/11/2019,Finalizado,Finalizado,Sim,Sim,,,,,,,,,
Null,Balcão,Cliente 235,Feminino,(71) 0000-0000,,,,24/07/2018,,Sim,24/07/2018,24/07/2018,Finalizado,Finalizado,Sim,Sim,,,,,,,,,
Null,Balcão,Cliente 236,Feminino,(71) 0000-0000,,,,8/9/2018,,Sim,8/9/2018,29/09/2018,Finalizado,Finalizado,Não,Sim,,,,,,,,,
Null,Balcão,Cliente 237,Feminino,(71) 0000-0000,,,,19/12/2018,,Sim,19/12/2018,19/12/2018,Finalizado,Finalizado,Sim,Sim,,,,,,,,,
Null,Balcão,Cliente 238,Feminino,(71) 0000-0000,,,,28/03/2018,,Sim,28/03/2018,14/03/2020,Finalizado,Finalizado,Sim,Sim,,,,,,,,,
Null,Balcão,Cliente 239,Feminino,(71) 0000-0000,,,,21/02/2018,,Sim,21/02/2018,30/10/2019,Finalizado,Finalizado,Não,Sim,,,,,,,,,
Null,Balcão,Cliente 240,Feminino,(71) 0000-0000,,,,23/04/2019,,Sim,20/04/2019,4/9/2019,Finalizado,Finalizado,Sim,Sim,,,,,,,,,
Null,Balcão,Cliente 241,Feminino,(71) 0000-0000,,,,17/01/2018,,Sim,12/1/2018,6/2/2020,Finalizado,Finalizado,Sim,Sim,,,,,,,,,
Null,Balcão,Cliente 242,Feminino,(71) 0000-0000,,,,26/10/2018,,Sim,25/10/2018,25/10/2018,Finalizado,Finalizado,Sim,Sim,,,,,,,,,
Null,Balcão,Cliente 243,Feminino,(71) 0000-0000,,,,22/03/2018,,Sim,23/03/2018,14/03/2020,Cancelado,Finalizado,Sim,Sim,,,,,,,,,
Null,Balcão,Cliente 244,Feminino,(71) 0000-0000,,,,5/7/2018,,Sim,5/7/2018,5/7/2018,Finalizado,Finalizado,Não,Sim,,,,,,,,,
Null,Balcão,Cliente 245,Feminino,(71) 0000-0000,,,,10/3/2018,,Sim,10/3/2018,13/05/2023,Finalizado,Finalizado,Sim,Sim,,,,,,,,,
Null,Balcão,Cliente 246,Feminino,(71) 0000-0000,,,,25/08/2018,,Sim,25/08/2018,25/08/2018,Finalizado,Finalizado,Sim,Sim,,,,,,,,,
Null,Balcão,Cliente 247,Feminino,(71) 0000-0000,,,,10/8/2018,,Sim,10/8/2018,19/12/2019,Finalizado,Finalizado,Sim,Sim,,,,,,,,,
Null,Balcão,Cliente 248,Feminino,(71) 0000-0000,,,,19/07/2018,,Sim,18/07/2018,18/07/2018,Finalizado,Finalizado,Sim,Sim,,,,,,,,,
Null,Balcão,Cliente 249,Feminino,(71) 0000-0000,,,,17/05/2018,,Sim,17/05/2018,9/5/2019,Finalizado,Finalizado,Não,Sim,,,,,,,,,
Null,Balcão,Cliente 250,Feminino,(71) 0000-0000,,,,8/2/2018,,Sim,8/2/2018,21/12/2019,Finalizado,Finalizado,Não,Sim,,,,,,,,,
Null,Balcão,Cliente 251,Feminino,(71) 0000-0000,,,,18/11/2018,,Sim,16/11/2018,30/12/2019,Finalizado,Finalizado,Sim,Sim,,,,,,,,,
Null,Balcão,Cliente 252,Feminino,(71) 0000-0000,,,,11/4/2023,,Sim,1/4/2023,19/05/2023,Finalizado,Confirmado,Sim,Sim,,,,,,,,,
Null,Balcão,Cliente 253,Feminino,(71) 0000-0000,,,,19/05/2018,,Sim,12/6/2018,12/6/2018,Finalizado,Finalizado,Sim,Sim,,,,,,,,,
Null,Balcão,Cliente 254,Feminino,(71) 0000-0000,,,,19/05/2018,,Sim,19/05/2018,15/02/2020,Finalizado,Finalizado,Sim,Sim,,,,,,,,,
Null,Balcão,Cliente 255,Feminino,(71) 0000-0000,,,,23/01/2018,,Sim,23/01/2018,5/5/2018,Finalizado,Finalizado,Não,Sim,,,,,,,,,
Null,Balcão,Cliente 256,Feminino,(71) 0000-0000,,,,7/2/2018,,Sim,7/2/2018,20/02/2020,Finalizado,Finalizado,Não,Sim,,,,,,,,,
Null,Balcão,Cliente 257,Feminino,(71) 0000-0000,,,,11/11/2018,,Sim,6/11/2018,6/11/2018,Finalizado,Finalizado,Sim,Sim,,,,,,,,,
Null,Balcão,Cliente 258,Feminino,(71) 0000-0000,,,,11/11/2018,,Sim,6/11/2018,18/02/2020,Finalizado,Finalizado,Não,Sim,,,,,,,,,
Null,Balcão,Cliente 259,Feminino,(71) 0000-0000,,,,26/10/2018,,Sim,25/10/2018,11/5/2023,Finalizado,Finalizado,Sim,Sim,,,,,,,,,
Null,Balcão,Cliente 260,Feminino,(71) 0000-0000,,,,17/01/2018,,Sim,10/1/2018,14/03/2020,Finalizado,Finalizado,Não,Sim,,,,,,,,,
Null,Balcão,Cliente 261,Feminino,(71) 0000-0000,,,,26/09/2019,,Sim,5/9/2019,20/11/2019,Finalizado,Finalizado,Sim,Sim,,,,,,,,,
Null,Balcão,Cliente 262,Feminino,(71) 0000-0000,,,,15/10/2018,,Sim,6/10/2018,6/10/2018,Finalizado,Finalizado,Sim,Sim,,,,,,,,,
Null,Balcão,Cliente 263,Feminino,(71) 0000-0000,,,,16/01/2018,,Sim,10/1/2018,27/10/2018,Finalizado,Finalizado,Sim,Sim,,,,,,,,,
Null,Balcão,Cliente 264,Feminino,(71) 0000-0000,,,,16/01/2018,,Sim,10/1/2018,19/10/2018,Finalizado,Finalizado,Não,Sim,,,,,,,,,
Null,Balcão,Cliente 265,Feminino,(71) 0000-0000,,,,17/11/2018,,Sim,13/11/2018,29/01/2020,Finalizado,Finalizado,Sim,Sim,,,,,,,,,
Null,Balcão,Cliente 266,Feminino,(71) 0000-0000,,,,23/02/2018,,Sim,23/02/2018,23/02/2018,Finalizado,Finalizado,Não,Sim,,,,,,,,,
Null,Balcão,Cliente 267,Feminino,(71) 0000-0000,,,,5/5/2018,,Sim,5/5/2018,3/5/2019,Finalizado,Finalizado,Sim,Sim,,,,,,,,,
Null,Balcão,Cliente 268,Feminino,(71) 0000-0000,,,,14/05/2019,,Sim,25/05/2019,27/05/2019,Finalizado,Finalizado,Sim,Sim,,,,,,,,,
Null,Balcão,Cliente 269,Feminino,(71) 0000-0000,,,,29/03/2018,,Sim,31/03/2018,31/03/2018,Finalizado,Finalizado,Não,Sim,,,,,,,,,
Null,Balcão,Cliente 270,Feminino,(71) 0000-0000,,,,4/5/2018,,Sim,4/5/2018,4/5/2018,Finalizado,Finalizado,Sim,Sim,,,,,,,,,
Null,Balcão,Cliente 271,Feminino,(71) 0000-0000,,,,11/5/2018,,Sim,11/5/2018,11/5/2018,Cancelado,Cancelado,Sim,Sim,,,,,,,,,
Null,Balcão,Cliente 272,Feminino,(71) 0000-0000,,,,18/09/2018,,Sim,15/09/2018,15/09/2018,Finalizado,Finalizado,Não,Sim,,,,,,,,,
Null,Balcão,Cliente 273,Feminino,(71) 0000-0000,,,,30/05/2019,,Sim,16/05/2019,20/07/2019,Finalizado,Finalizado,Sim,Sim,,,,,,,,,
Null,Balcão,Cliente 274,Feminino,(71) 0000-0000,,,,25/08/2019,,Sim,1/8/2019,24/12/2019,Finalizado,Finalizado,Sim,Sim,,,,,,,,,
Null,Balcão,Cliente 275,Feminino,(71) 0000-0000,,,,22/12/2018,,Sim,21/12/2018,5/5/2023,Finalizado,Finalizado,Sim,Sim,,,,,,,,,
Null,Balcão,Cliente 276,Feminino,(71) 0000-0000,,,,24/03/2018,,Sim,24/03/2018,19/02/2020,Finalizado,Finalizado,Não,Sim,,,,,,,,,
Null,Balcão,Cliente 277,Feminino,(71) 0000-0000,,,,27/06/2018,,Sim,27/06/2018,4/8/2018,Finalizado,Finalizado,Sim,Sim,,,,,,,,,
Null,Balcão,Cliente 278,Feminino,(71) 0000-0000,,,,3/3/2018,,Sim,3/3/2018,3/3/2018,Finalizado,Finalizado,Sim,Sim,,,,,,,,,
Null,Balcão,Cliente 279,Feminino,(71) 0000-0000,,,,5/4/2023,,Sim,8/4/2023,8/4/2023,Finalizado,Finalizado,Sim,Sim,,,,,,,,,
Null,Balcão,Cliente 280,Feminino,(71) 0000-0000,,,,26/02/2019,,Sim,25/02/2019,20/04/2019,Finalizado,Finalizado,Sim,Sim,,,,,,,,,
Null,Balcão,Cliente 281,Feminino,(71) 0000-0000,,,,1/3/2018,,Sim,1/3/2018,1/3/2018,Finalizado,Finalizado,Não,Sim,,,,,,,,,
Null,Balcão,Cliente 282,Feminino,(71) 0000-0000,,,,31/01/2018,,Sim,31/01/2018,19/10/2019,Finalizado,Finalizado,Não,Sim,,,,,,,,,
Null,Balcão,Cliente 283,Feminino,(71) 0000-0000,,,,7/4/2018,,Sim,7/4/2018,7/4/2018,Finalizado,Finalizado,Sim,Sim,,,,,,,,,
Null,Balcão,Cliente 284,Feminino,(71) 0000-0000,,,,28/07/2018,,Sim,28/07/2018,21/02/2020,Finalizado,Finalizado,Não,Sim,,,,,,,,,
Null,Balcão,Cliente 285,Feminino,(71) 0000-0000,,,,2/9/2019,,Sim,31/08/2019,31/08/2019,Finalizado,Finalizado,Sim,Sim,,,,,,,,,
Null,Balcão,Cliente 286,Feminino,(71) 0000-0000,,,,23/08/2018,,Sim,22/08/2018,5/10/2018,Finalizado,Finalizado,Não,Sim,,,,,,,,,
Null,Balcão,Cliente 287,Feminino,(71) 0000-0000,,,,16/11/2018,,Sim,12/11/2018,12/11/2018,Finalizado,Finalizado,Sim,Sim,,,,,,,,,
Null,Balcão,Cliente 288,Feminino,(71) 0000-0000,,,,20/10/2019,,Sim,7/10/2019,17/05/2023,Finalizado,Finalizado,Sim,Sim,,,,,,,,,
Null,Balcão,Cliente 289,Feminino,(71) 0000-0000,,,,18/05/2018,,Sim,18/05/2018,18/05/2018,Cancelado,Finalizado,Sim,Sim,,,,,,,,,
Null,Balcão,Cliente 290,Feminino,(71) 0000-0000,,,,6/2/2018,,Sim,6/2/2018,6/2/2018,Finalizado,Finalizado,Sim,Sim,,,,,,,,,
Null,Balcão,Cliente 291,Feminino,(71) 0000-0000,,,,10/3/2018,,Sim,10/3/2018,13/05/2023,Finalizado,Confirmado,Sim,Sim,,,,,,,,,
Null,Balcão,Cliente 292,Feminino,(71) 0000-0000,,,,15/03/2019,,Sim,2/3/2019,28/01/2020,Finalizado,Finalizado,Sim,Sim,,,,,,,,,
Null,Balcão,Cliente 293,Feminino,(71) 0000-0000,,,,26/01/2019,,Sim,26/01/2019,27/07/2019,Finalizado,Finalizado,Sim,Sim,,,,,,,,,
Null,Balcão,Cliente 294,Feminino,(71) 0000-0000,,,,12/4/2023,,Sim,12/4/2023,12/4/2023,Finalizado,Finalizado,Sim,Sim,,,,,,,,,
Null,Balcão,Cliente 295,Feminino,(71) 0000-0000,,,,6/4/2018,,Sim,6/4/2018,23/04/2019,Finalizado,Finalizado,Sim,Sim,,,,,,,,,
Null,Balcão,Cliente 296,Feminino,(71) 0000-0000,,,,31/01/2018,,Sim,31/01/2018,31/01/2018,Finalizado,Finalizado,Não,Sim,,,,,,,,,
Null,Balcão,Cliente 297,Feminino,(71) 0000-0000,,,,2/9/2019,,Sim,15/08/2019,12/3/2020,Finalizado,Finalizado,Sim,Sim,,,,,,,,,
Null,Balcão,Cliente 298,Feminino,(71) 0000-0000,,,,23/07/2019,,Sim,29/06/2019,21/02/2020,Finalizado,Finalizado,Sim,Sim,,,,,,,,,
Null,Balcão,Cliente 299,Feminino,(71) 0000-0000,,,,15/10/2018,,Sim,13/10/2018,11/5/2019,Finalizado,Finalizado,Sim,Sim,,,,,,,,,
Null,Balcão,Cliente 300,Feminino,(71) 0000-0000,,,,26/09/2018,,Sim,26/09/2018,15/04/2023,Finalizado,Finalizado,Não,Sim,,,,,,,,,
Null,Balcão,Cliente 301,Feminino,(71) 0000-0000,,,,19/05/2018,,Sim,19/05/2018,22/10/2019,Finalizado,Finalizado,Sim,Sim,,,,,,,,,
Null,Balcão,Cliente 302,Feminino,(71) 0000-0000,,,,21/10/2019,,Sim,8/10/2019,30/12/2019,Finalizado,Finalizado,Sim,Sim,,,,,,,,,
Null,Balcão,Cliente 303,Feminino,(71) 0000-0000,,,,25/05/2018,,Sim,25/05/2018,17/10/2018,Finalizado,Finalizado,Sim,Sim,,,,,,,,,
Null,Balcão,Cliente 304,Feminino,(71) 0000-0000,,,,31/03/2018,,Sim,31/03/2018,30/01/2020,Finalizado,Finalizado,Sim,Sim,,,,,,,,,
Null,Balcão,Cliente 305,Feminino,(71) 0000-0000,,,,1/3/2020,,Sim,1/2/2020,3/3/2020,Finalizado,Finalizado,Sim,Sim,,,,,,,,,
Null,Balcão,Cliente 306,Feminino,(71) 0000-0000,,,,24/10/2018,,Sim,24/10/2018,24/10/2018,Finalizado,Finalizado,Sim,Sim,,,,,,,,,
Null,Balcão,Cliente 307,Feminino,(71) 0000-0000,,,,21/06/2018,,Sim,21/06/2018,21/06/2018,Finalizado,Finalizado,Não,Sim,,,,,,,,,
Null,Balcão,Cliente 308,Feminino,(71) 0000-0000,,,,3/3/2018,,Sim,10/3/2018,5/5/2018,Cancelado,Cancelado,Sim,Sim,,,,,,,,,
Null,Balcão,Cliente 309,Feminino,(71) 0000-0000,,,,30/04/2023,,Sim,29/04/2023,29/04/2023,Finalizado,Finalizado,Sim,Sim,,,,,,,,,
Null,Balcão,Cliente 310,Feminino,(71) 0000-0000,,,,10/3/2018,,Sim,10/3/2018,24/07/2019,Cancelado,Finalizado,Sim,Sim,,,,,,,,,
Null,Balcão,Cliente 311,Feminino,(71) 0000-0000,,,,22/12/2018,,Sim,21/12/2018,30/12/2019,Finalizado,Finalizado,Sim,Sim,,,,,,,,,
Null,Balcão,Cliente 312,Feminino,(71) 0000-0000,,,,31/08/2018,,Sim,31/08/2018,6/8/2019,Finalizado,Finalizado,Não,Sim,,,,,,,,,
Null,Balcão,Cliente 313,Feminino,(71) 0000-0000,,,,21/04/2018,,Sim,21/04/2018,5/7/2019,Finalizado,Finalizado,Sim,Sim,,,,,,,,,
Null,Balcão,Cliente 314,Feminino,(71) 0000-0000,,,,10/4/2018,,Sim,11/4/2018,11/4/2018,Finalizado,Finalizado,Sim,Sim,,,,,,,,,
Null,Balcão,Cliente 315,Feminino,(71) 0000-0000,,,,30/01/2018,,Sim,30/01/2018,3/9/2019,Finalizado,Finalizado,Não,Sim,,,,,,,,,
Null,Balcão,Cliente 316,Feminino,(71) 0000-0000,,,,4/10/2018,,Sim,3/10/2018,3/10/2018,Finalizado,Finalizado,Sim,Sim,,,,,,,,,
Null,Balcão,Cliente 317,Feminino,(71) 0000-0000,,,,27/09/2019,,Sim,19/09/2019,19/09/2019,Finalizado,Finalizado,Sim,Sim,,,,,,,,,
Null,Balcão,Cliente 318,Feminino,(71) 0000-0000,,,,24/09/2019,,Sim,3/9/2019,3/9/2019,Finalizado,Finalizado,Sim,Sim,,,,,,,,,
Null,Balcão,Cliente 319,Feminino,(71) 0000-0000,,,,18/08/2018,,Sim,18/08/2018,6/3/2020,Finalizado,Finalizado,Não,Sim,,,,,,,,,
Null,Balcão,Cliente 320,Feminino,(71) 0000-0000,,,,20/06/2018,,Sim,20/06/2018,27/01/2020,Finalizado,Finalizado,Sim,Sim,,,,,,,,,
Null,Balcão,Cliente 321,Feminino,(71) 0000-0000,,,,24/08/2018,,Sim,24/08/2018,5/10/2018,Finalizado,Finalizado,Sim,Sim,,,,,,,,,
Null,Balcão,Cliente 322,Feminino,(71) 0000-0000,,,,15/03/2019,,Sim,6/3/2019,27/02/2020,Finalizado,Finalizado,Sim,Sim,,,,,,,,,
Null,Balcão,Cliente 323,Feminino,(71) 0000-0000,,,,16/12/2018,,Sim,15/12/2018,1/6/2019,Finalizado,Finalizado,Sim,Sim,,,,,,,,,
Null,Balcão,Cliente 324,Feminino,(71) 0000-0000,,,,7/3/2018,,Sim,9/3/2018,6/3/2019,Cancelado,Finalizado,Sim,Sim,,,,,,,,,
Null,Balcão,Cliente 325,Feminino,(71) 0000-0000,,,,26/11/2018,,Sim,24/11/2018,11/5/2023,Finalizado,Finalizado,Sim,Sim,,,,,,,,,
Null,Balcão,Cliente 326,Feminino,(71) 0000-0000,,,,17/01/2018,Juçara fará cronograma capilar: ,,,,,,,,,,,,,,,,
Null,Sim,Cliente 327,13/03/2020,(71) 0000-0000,,,,,,,,,,,,,,,,,,,,,
Null,Balcão,Cliente 328,Feminino,(71) 0000-0000,,,,14/04/2023,,Sim,14/04/2023,29/04/2023,Finalizado,Finalizado,Sim,Sim,,,,,,,,,
Null,Balcão,Cliente 329,Feminino,(71) 0000-0000,,,,8/2/2018,,Sim,8/2/2018,15/04/2023,Finalizado,Finalizado,Não,Sim,,,,,,,,,
Null,Balcão,Cliente 330,Feminino,(71) 0000-0000,,,,12/4/2018,,Sim,12/4/2018,16/05/2023,Finalizado,Finalizado,Sim,Sim,,,,,,,,,
Null,Balcão,Cliente 331,Feminino,(71) 0000-0000,,,,11/5/2018,,Sim,11/5/2018,21/02/2019,Finalizado,Finalizado,Sim,Sim,,,,,,,,,
Null,Balcão,Cliente 332,Feminino,(71) 0000-0000,,,,21/04/2018,,Sim,21/04/2018,21/04/2018,Cancelado,Cancelado,Sim,Sim,,,,,,,,,
Null,Balcão,Cliente 333,Feminino,(71) 0000-0000,,,,19/04/2023,,Sim,19/04/2023,5/5/2023,Cancelado,Finalizado,Sim,Sim,,,,,,,,,
Null,Balcão,Cliente 334,Feminino,(71) 0000-0000,,,,31/08/2018,,Sim,31/08/2018,26/04/2023,Finalizado,Cancelado,Não,Sim,,,,,,,,,
Null,Balcão,Cliente 335,Feminino,(71) 0000-0000,,,,13/08/2018,,Sim,11/8/2018,11/8/2018,Finalizado,Finalizado,Não,Sim,,,,,,,,,
Null,Balcão,Cliente 336,Feminino,(71) 0000-0000,,,,1/1/2019,,Sim,31/12/2018,31/12/2018,Finalizado,Finalizado,Sim,Sim,,,,,,,,,
Null,Balcão,Cliente 337,Feminino,(71) 0000-0000,,,,28/04/2018,,Sim,28/04/2018,7/12/2018,Finalizado,Finalizado,Não,Sim,,,,,,,,,
Null,Balcão,Cliente 338,Feminino,(71) 0000-0000,,,,11/4/2018,,Sim,11/4/2018,11/4/2018,Finalizado,Finalizado,Sim,Sim,,,,,,,,,
Null,Balcão,Cliente 339,Feminino,(71) 0000-0000,,,,20/07/2018,,Sim,20/07/2018,5/5/2023,Finalizado,Finalizado,Sim,Sim,,,,,,,,,
Null,Balcão,Cliente 340,Feminino,(71) 0000-0000,,,,28/06/2018,,Sim,28/06/2018,22/04/2023,Finalizado,Cancelado,Sim,Sim,,,,,,,,,
Null,Balcão,Cliente 341,Feminino,(71) 0000-0000,,,,5/5/2023,,Sim,5/5/2023,5/5/2023,Finalizado,Finalizado,Sim,Sim,,,,,,,,,
Null,Balcão,Cliente 342,Feminino,(71) 0000-0000,,,,17/11/2018,,Sim,14/11/2018,21/10/2019,Finalizado,Finalizado,Sim,Sim,,,,,,,,,
Null,Balcão,Cliente 343,Feminino,(71) 0000-0000,,,,16/02/2018,,Sim,16/02/2018,21/09/2018,Cancelado,Finalizado,Não,Sim,,,,,,,,,
Null,Balcão,Cliente 344,Feminino,(71) 0000-0000,,,,28/02/2018,,Sim,28/02/2018,7/4/2018,Finalizado,Finalizado,Sim,Sim,,,,,,,,,
Null,Balcão,Cliente 345,Feminino,(71) 0000-0000,,,,2/2/2020,,Sim,18/01/2020,24/01/2020,Finalizado,Finalizado,Sim,Sim,,,,,,,,,
Null,Balcão,Cliente 346,Feminino,(71) 0000-0000,,,,11/4/2018,,Sim,11/4/2018,2/3/2019,Finalizado,Finalizado,Sim,Sim,,,,,,,,,
Null,Balcão,Cliente 347,Feminino,(71) 0000-0000,,,,25/08/2018,,Sim,25/08/2018,31/01/2020,Finalizado,Finalizado,Sim,Sim,,,,,,,,,
Null,Balcão,Cliente 348,Feminino,(71) 0000-0000,,,,13/03/2018,,Sim,14/03/2018,14/03/2018,Finalizado,Finalizado,Sim,Sim,,,,,,,,,
Null,Balcão,Cliente 349,Feminino,(71) 0000-0000,,,,15/06/2018,,Sim,15/06/2018,15/06/2018,Finalizado,Finalizado,Sim,Sim,,,,,,,,,
Null,Balcão,Cliente 350,Feminino,(71) 0000-0000,,,,10/2/2019,,Sim,1/2/2019,12/5/2023,Finalizado,Cancelado,Sim,Sim,,,,,,,,,
Null,Balcão,Cliente 351,Feminino,(71) 0000-0000,,,,9/2/2018,,Sim,9/2/2018,27/03/2018,Finalizado,Cancelado,Não,Sim,,,,,,,,,
Null,Balcão,Cliente 352,Feminino,(71) 0000-0000,,,,8/9/2018,,Sim,8/9/2018,8/9/2018,Finalizado,Finalizado,Não,Sim,,,,,,,,,
Null,Balcão,Cliente 353,Feminino,(71) 0000-0000,,,,15/03/2019,,Sim,9/3/2019,9/3/2019,Finalizado,Finalizado,Sim,Sim,,,,,,,,,
Null,Balcão,Cliente 354,Feminino,(71) 0000-0000,,,,27/04/2018,,Sim,27/04/2018,10/2/2020,Finalizado,Finalizado,Sim,Sim,,,,,,,,,
Null,Balcão,Cliente 355,Feminino,(71) 0000-0000,,,,13/01/2019,,Sim,7/1/2019,7/1/2019,Finalizado,Finalizado,Sim,Sim,,,,,,,,,
Null,Balcão,Cliente 356,Feminino,(71) 0000-0000,,,,17/01/2018,,Sim,16/01/2018,8/6/2019,Finalizado,Finalizado,Não,Sim,,,,,,,,,
Null,Balcão,Cliente 357,Feminino,(71) 0000-0000,,,,11/4/2023,,Sim,13/04/2023,13/04/2023,Finalizado,Finalizado,Sim,Sim,,,,,,,,,
Null,Balcão,Cliente 358,Feminino,(71) 0000-0000,,,,19/03/2018,,Sim,18/04/2018,9/3/2019,Finalizado,Finalizado,Sim,Sim,,,,,,,,,
Null,Balcão,Cliente 359,Feminino,(71) 0000-0000,,,,5/4/2018,,Sim,5/4/2018,2/8/2019,Finalizado,Finalizado,Sim,Sim,,,,,,,,,
Null,Balcão,Cliente 360,Feminino,(71) 0000-0000,,,,25/03/2019,,Sim,23/03/2019,25/05/2019,Finalizado,Finalizado,Sim,Sim,,,,,,,,,
Null,Balcão,Cliente 361,Feminino,(71) 0000-0000,,,,25/11/2019,,Sim,4/11/2019,24/01/2020,Finalizado,Finalizado,Sim,Sim,,,,,,,,,
Null,Balcão,Cliente 362,Feminino,(71) 0000-0000,,,,11/11/2018,,Sim,3/11/2018,15/02/2020,Finalizado,Finalizado,Não,Sim,,,,,,,,,
Null,Balcão,Cliente 363,Feminino,(71) 0000-0000,,,,26/05/2018,,Sim,26/05/2018,26/05/2018,Cancelado,Cancelado,Sim,Sim,,,,,,,,,
Null,Balcão,Cliente 364,Feminino,(71) 0000-0000,,,,26/05/2018,,Sim,,,,,Sim,Sim,,,,,,,,,
Null,Balcão,Cliente 365,Feminino,(71) 0000-0000,,,,26/02/2019,,Sim,23/02/2019,23/02/2019,Finalizado,Finalizado,Sim,Sim,,,,,,,,,
Null,Balcão,Cliente 366,Feminino,(71) 0000-0000,,,,6/2/2018,,Sim,6/2/2018,2/8/2018,Finalizado,Finalizado,Não,Sim,,,,,,,,,
Null,Balcão,Cliente 367,Feminino,(71) 0000-0000,,,,4/10/2018,,Sim,2/10/2018,2/10/2018,Finalizado,Finalizado,Sim,Sim,,,,,,,,,
Null,Balcão,Cliente 368,Feminino,(71) 0000-0000,,,,16/11/2018,,Sim,12/11/2018,12/11/2018,Finalizado,Finalizado,Sim,Sim,,,,,,,,,
Null,Balcão,Cliente 369,Feminino,(71) 0000-0000,,,,3/2/2018,,Sim,3/2/2018,3/2/2018,Finalizado,Finalizado,Não,Sim,,,,,,,,,
Null,Balcão,Cliente 370,Feminino,(71) 0000-0000,,,,30/06/2019,,Sim,26/06/2019,26/06/2019,Finalizado,Finalizado,Sim,Sim,,,,,,,,,
Null,Balcão,Cliente 371,Feminino,(71) 0000-0000,,,,13/04/2018,,Sim,13/04/2018,13/04/2018,Finalizado,Finalizado,Sim,Sim,,,,,,,,,
Null,Balcão,Cliente 372,Feminino,(71) 0000-0000,,,,30/08/2018,,Sim,30/08/2018,30/08/2018,Finalizado,Finalizado,Sim,Sim,,,,,,,,,
Null,Balcão,Cliente 373,Feminino,(71) 0000-0000,,,,15/05/2019,,Sim,6/5/2019,6/5/2019,Finalizado,Finalizado,Sim,Sim,,,,,,,,,
Null,Balcão,Cliente 374,Feminino,(71) 0000-0000,,,,14/04/2023,,Sim,15/04/2023,6/5/2023,Finalizado,Finalizado,Sim,Sim,,,,,,,,,
Null,Balcão,Cliente 375,Feminino,(71) 0000-0000,,,,28/04/2018,,Sim,28/04/2018,31/12/2018,Finalizado,Finalizado,Sim,Sim,,,,,,,,,
Null,Balcão,Cliente 376,Feminino,(71) 0000-0000,,,,26/09/2019,,Sim,14/09/2019,14/09/2019,Finalizado,Finalizado,Sim,Sim,,,,,,,,,
Null,Balcão,Cliente 377,Feminino,(71) 0000-0000,,,,25/04/2023,,Sim,25/04/2023,13/05/2023,Finalizado,Cancelado,Sim,Sim,,,,,,,,,
Null,Balcão,Cliente 378,Feminino,(71) 0000-0000,,,,15/10/2018,,Sim,9/10/2018,9/10/2018,Finalizado,Finalizado,Sim,Sim,,,,,,,,,
Null,Balcão,Cliente 379,Feminino,(71) 0000-0000,,,,23/04/2019,,Sim,9/4/2019,22/02/2020,Finalizado,Finalizado,Sim,Sim,,,,,,,,,
Null,Balcão,Cliente 380,Feminino,(71) 0000-0000,,,,30/04/2023,,Sim,29/04/2023,29/04/2023,Finalizado,Finalizado,Sim,Sim,,,,,,,,,
Null,Balcão,Cliente 381,Feminino,(71) 0000-0000,,,,2/2/2018,,Sim,2/2/2018,6/7/2019,Finalizado,Finalizado,Não,Sim,,,,,,,,,
Null,Balcão,Cliente 382,Feminino,(71) 0000-0000,,,,17/08/2018,,Sim,17/08/2018,5/12/2019,Finalizado,Finalizado,Sim,Sim,,,,,,,,,
Null,Balcão,Cliente 383,Feminino,(71) 0000-0000,,,,20/01/2019,,Sim,16/01/2019,16/01/2019,Finalizado,Finalizado,Sim,Sim,,,,,,,,,
Null,Balcão,Cliente 384,Feminino,(71) 0000-0000,,,,13/04/2018,,Sim,13/04/2018,13/04/2018,Finalizado,Finalizado,Sim,Sim,,,,,,,,,
Null,Balcão,Cliente 385,Feminino,(71) 0000-0000,,,,24/10/2018,,Sim,,,,,Sim,Sim,,,,,,,,,
Null,Balcão,Cliente 386,Feminino,(71) 0000-0000,,,,24/10/2018,,Sim,24/10/2018,24/10/2018,Finalizado,Finalizado,Sim,Sim,,,,,,,,Aplicativo,
Null,Balcão,Cliente 387,Feminino,(71) 0000-0000,,,,1/12/2018,,Sim,29/11/2018,22/02/2020,Finalizado,Finalizado,Sim,Sim,,,,,,,,,
Null,Balcão,Cliente 388,Feminino,(71) 0000-0000,,,,18/08/2018,,Sim,18/08/2018,18/08/2018,Finalizado,Finalizado,Não,Sim,,,,,,,,,
Null,Balcão,Cliente 389,Feminino,(71) 0000-0000,,,,23/10/2018,,Sim,23/10/2018,2/12/2019,Finalizado,Finalizado,Sim,Sim,,,,,,,,,
Null,Balcão,Cliente 390,Feminino,(71) 0000-0000,,,,29/12/2019,,Sim,10/12/2019,27/02/2020,Finalizado,Finalizado,Sim,Sim,,,,,,,,,
Null,Balcão,Cliente 391,Feminino,(71) 0000-0000,,,,17/01/2018,,Sim,12/1/2018,10/9/2019,Finalizado,Finalizado,Não,Sim,,,,,,,,,
Null,Balcão,Cliente 392,Feminino,(71) 0000-0000,,,,11/11/2018,,Sim,10/11/2018,10/11/2018,Finalizado,Finalizado,Sim,Sim,,,,,,,,,
Null,Balcão,Cliente 393,Feminino,(71) 0000-0000,,,,19/04/2018,,Sim,21/04/2018,28/12/2019,Finalizado,Finalizado,Sim,Sim,,,,,,,,,
Null,Balcão,Cliente 394,Feminino,(71) 0000-0000,,,,31/01/2018,,Sim,31/01/2018,5/10/2018,Finalizado,Finalizado,Não,Sim,,,,,,,,,
Null,Balcão,Cliente 395,Feminino,(71) 0000-0000,,,,15/08/2018,,Sim,15/08/2018,15/08/2018,Finalizado,Finalizado,Sim,Sim,,,,,,,,,
Null,Balcão,Cliente 396,Feminino,(71) 0000-0000,,,,28/04/2018,,Sim,28/04/2018,6/9/2019,Cancelado,Finalizado,Sim,Sim,,,,,,,,,
Null,Balcão,Cliente 397,Feminino,(71) 0000-0000,,,,8/3/2018,,Sim,10/3/2018,11/2/2019,Cancelado,Finalizado,Sim,Sim,,,,,,,,,
Null,Balcão,Cliente 398,Feminino,(71) 0000-0000,,,,22/12/2018,,Sim,22/12/2018,5/4/2019,Finalizado,Finalizado,Sim,Sim,,,,,,,,,
Null,Balcão,Cliente 399,Feminino,(71) 0000-0000,,,,17/02/2019,,Sim,14/02/2019,14/02/2019,Finalizado,Finalizado,Sim,Sim,,,,,,,,,
Null,Balcão,Cliente 400,Feminino,(71) 0000-0000,,,,16/12/2018,,Sim,11/12/2018,11/12/2018,Finalizado,Finalizado,Sim,Sim,,,,,,,,,
Null,Balcão,Cliente 401,Feminino,(71) 0000-0000,,,,10/8/2018,,Sim,10/8/2018,7/11/2018,Finalizado,Finalizado,Sim,Sim,,,,,,,,,
Null,Balcão,Cliente 402,Feminino,(71) 0000-0000,,,,17/11/2018,,Sim,14/11/2018,6/5/2019,Finalizado,Finalizado,Sim,Sim,,,,,,,,,
Null,Balcão,Cliente 403,Feminino,(71) 0000-0000,,,,31/01/2018,,Sim,31/01/2018,31/01/2018,Finalizado,Finalizado,Não,Sim,,,,,,,,,
Null,Balcão,Cliente 404,Feminino,(71) 0000-0000,,,,7/3/2018,,Sim,7/3/2018,25/01/2020,Finalizado,Finalizado,Sim,Sim,,,,,,,,,
Null,Balcão,Cliente 405,Feminino,(71) 0000-0000,,,,22/10/2018,,Sim,18/10/2018,18/10/2018,Finalizado,Finalizado,Sim,Sim,,,,,,,,,
Null,Balcão,Cliente 406,Feminino,(71) 0000-0000,,,,3/2/2018,,Sim,3/2/2018,3/5/2023,Finalizado,Finalizado,Não,Sim,,,,,,,,,
Null,Balcão,Cliente 407,Feminino,(71) 0000-0000,,,,22/12/2018,,Sim,20/12/2018,5/10/2019,Finalizado,Finalizado,Sim,Sim,,,,,,,,,
Null,Balcão,Cliente 408,Feminino,(71) 0000-0000,,,,29/06/2018,,Sim,29/06/2018,19/12/2019,Finalizado,Finalizado,Sim,Sim,,,,,,,,,
Null,Balcão,Cliente 409,Feminino,(71) 0000-0000,,,,28/03/2018,,Sim,29/03/2018,13/09/2019,Finalizado,Finalizado,Sim,Sim,,,,,,,,,
Null,Balcão,Cliente 410,Feminino,(71) 0000-0000,,,,15/10/2018,,Sim,13/10/2018,1/11/2018,Cancelado,Finalizado,Sim,Sim,,,,,,,,,
Null,Balcão,Cliente 411,Feminino,(71) 0000-0000,,,,6/4/2023,,Sim,6/4/2023,9/5/2023,Finalizado,Confirmado,Sim,Sim,,,,,,,,,
Null,Balcão,Cliente 412,Feminino,(71) 0000-0000,,,,6/7/2018,,Sim,6/7/2018,9/11/2019,Finalizado,Finalizado,Sim,Sim,,,,,,,,,
Null,Balcão,Cliente 413,Feminino,(71) 0000-0000,,,,1/2/2018,,Sim,1/2/2018,26/06/2019,Finalizado,Finalizado,Não,Sim,,,,,,,,,
Null,Balcão,Cliente 414,Feminino,(71) 0000-0000,,,,1/2/2018,,Sim,3/2/2018,1/2/2020,Finalizado,Finalizado,Não,Sim,,,,,,,,,
Null,Balcão,Cliente 415,Feminino,(71) 0000-0000,,,,23/02/2018,,Sim,24/02/2018,9/11/2019,Cancelado,Finalizado,Não,Sim,,,,,,,,,
Null,Balcão,Cliente 416,Feminino,(71) 0000-0000,,,,24/08/2018,,Sim,25/08/2018,25/08/2018,Cancelado,Cancelado,Sim,Sim,,,,,,,,,
Null,Balcão,Cliente 417,Feminino,(71) 0000-0000,,,,11/5/2018,,Sim,11/5/2018,28/12/2019,Finalizado,Finalizado,Sim,Sim,,,,,,,,,
Null,Balcão,Cliente 418,Feminino,(71) 0000-0000,,,,10/3/2018,,Sim,10/3/2018,14/03/2020,Finalizado,Finalizado,Sim,Sim,,,,,,,,,
Null,Balcão,Cliente 419,Feminino,(71) 0000-0000,,,,17/04/2018,,Sim,18/04/2018,18/04/2018,Finalizado,Finalizado,Sim,Sim,,,,,,,,,
Null,Balcão,Cliente 420,Feminino,(71) 0000-0000,,,,15/05/2018,,Sim,15/05/2018,15/05/2018,Finalizado,Finalizado,Sim,Sim,,,,,,,,,
Null,Balcão,Cliente 421,Feminino,(71) 0000-0000,,,,19/04/2018,,Sim,21/04/2018,21/04/2018,Cancelado,Cancelado,Sim,Sim,,,,,,,,,
Null,Balcão,Cliente 422,Feminino,(71) 0000-0000,,,,2/11/2019,,Sim,16/10/2019,10/1/2020,Finalizado,Finalizado,Sim,Sim,,,,,,,,,
Null,Balcão,Cliente 423,Feminino,(71) 0000-0000,,,,17/01/2018,,Sim,12/1/2018,5/2/2020,Finalizado,Finalizado,Não,Sim,,,,,,,,,
Null,Balcão,Cliente 424,Feminino,(71) 0000-0000,,,,7/4/2019,,Sim,4/4/2019,15/02/2020,Finalizado,Finalizado,Sim,Sim,,,,,,,,,
Null,Balcão,Cliente 425,Feminino,(71) 0000-0000,,,,17/01/2018,,Sim,11/1/2018,11/1/2018,Finalizado,Finalizado,Sim,Sim,,,,,,,,,
Null,Balcão,Cliente 426,Feminino,(71) 0000-0000,,,,20/02/2018,,Sim,21/02/2018,21/02/2018,Finalizado,Finalizado,Não,Sim,,,,,,,,,
Null,Balcão,Cliente 427,Feminino,(71) 0000-0000,,,,4/7/2018,,Sim,4/7/2018,4/7/2018,Finalizado,Finalizado,Sim,Sim,,,,,,,,,
Null,Balcão,Cliente 428,Feminino,(71) 0000-0000,,,,23/04/2019,,Sim,16/04/2019,16/04/2019,Finalizado,Finalizado,Sim,Sim,,,,,,,,,
Null,Balcão,Cliente 429,Feminino,(71) 0000-0000,,,,20/06/2018,,Sim,20/06/2018,11/3/2020,Finalizado,Finalizado,Sim,Sim,,,,,,,,,
Null,Balcão,Cliente 430,Feminino,(71) 0000-0000,,,,16/12/2018,,Sim,12/12/2018,12/12/2018,Finalizado,Finalizado,Sim,Sim,,,,,,,,,
Null,Balcão,Cliente 431,Feminino,(71) 0000-0000,,,,17/01/2018,,Sim,17/01/2018,6/11/2019,Finalizado,Finalizado,Não,Sim,,,,,,,,,
Null,Balcão,Cliente 432,Feminino,(71) 0000-0000,,,,9/2/2018,,Sim,10/2/2018,10/7/2019,Finalizado,Finalizado,Não,Sim,,,,,,,,,
Null,Balcão,Cliente 433,Feminino,(71) 0000-0000,,,,1/12/2018,,Sim,30/11/2018,27/02/2020,Finalizado,Finalizado,Sim,Sim,,,,,,,,,
Null,Balcão,Cliente 434,Feminino,(71) 0000-0000,,,,13/04/2018,,Sim,13/04/2018,29/04/2023,Finalizado,Finalizado,Sim,Sim,,,,,,,,,
Null,Balcão,Cliente 435,Feminino,(71) 0000-0000,,,,5/4/2023,,Sim,6/4/2023,4/5/2023,Finalizado,Finalizado,Sim,Sim,,,,,,,,,
Null,Balcão,Cliente 436,Feminino,(71) 0000-0000,,,,6/3/2018,,Sim,17/03/2018,23/05/2019,Cancelado,Finalizado,Sim,Sim,,,,,,,,,
Null,Balcão,Cliente 437,Feminino,(71) 0000-0000,,,,30/06/2019,,Sim,13/06/2019,24/01/2020,Finalizado,Finalizado,Sim,Sim,,,,,,,,,
Null,Balcão,Cliente 438,Feminino,(71) 0000-0000,,,,29/03/2018,,Sim,31/03/2018,24/04/2018,Finalizado,Finalizado,Sim,Sim,,,,,,,,,
Null,Balcão,Cliente 439,Feminino,(71) 0000-0000,,,,4/2/2018,,Sim,10/2/2018,11/12/2019,Cancelado,Finalizado,Não,Sim,,,,,,,,,
Null,Balcão,Cliente 440,Feminino,(71) 0000-0000,,,,28/04/2018,,Sim,28/04/2018,17/07/2019,Finalizado,Finalizado,Sim,Sim,,,,,,,,,
Null,Balcão,Cliente 441,Feminino,(71) 0000-0000,,,,4/10/2018,,Sim,2/10/2018,26/10/2018,Finalizado,Finalizado,Sim,Sim,,,,,,,,,
Null,Balcão,Cliente 442,Feminino,(71) 0000-0000,,,,7/2/2018,,Sim,7/2/2018,7/2/2018,Finalizado,Finalizado,Não,Sim,,,,,,,,,
Null,Balcão,Cliente 443,Feminino,(71) 0000-0000,,,,2/9/2019,,Sim,23/08/2019,23/08/2019,Finalizado,Finalizado,Sim,Sim,,,,,,,,,
Null,Balcão,Cliente 444,Feminino,(71) 0000-0000,,,,2/11/2019,,Sim,12/10/2019,26/10/2019,Finalizado,Finalizado,Sim,Sim,,,,,,,,,
Null,Balcão,Cliente 445,Feminino,(71) 0000-0000,,,,18/11/2018,,Sim,17/11/2018,14/11/2019,Finalizado,Finalizado,Sim,Sim,,,,,,,,,
Null,Balcão,Cliente 446,Feminino,(71) 0000-0000,,,,25/04/2018,,Sim,27/04/2018,21/11/2019,Finalizado,Finalizado,Sim,Sim,,,,,,,,,
Null,Balcão,Cliente 447,Feminino,(71) 0000-0000,,,,29/06/2018,,Sim,29/06/2018,26/07/2018,Finalizado,Finalizado,Sim,Sim,,,,,,,,,
Null,Balcão,Cliente 448,Feminino,(71) 0000-0000,,,,7/2/2018,,Sim,7/2/2018,21/06/2018,Finalizado,Finalizado,Não,Sim,,,,,,,,,
Null,Balcão,Cliente 449,Feminino,(71) 0000-0000,,,,16/08/2018,,Sim,16/08/2018,16/08/2018,Finalizado,Finalizado,Sim,Sim,,,,,,,,,
Null,Balcão,Cliente 450,Feminino,(71) 0000-0000,,,,20/01/2018,,Sim,19/04/2018,13/05/2023,Finalizado,Finalizado,Não,Sim,,,,,,,,,
Null,Balcão,Cliente 451,Feminino,(71) 0000-0000,,,,30/01/2018,,Sim,30/01/2018,30/01/2018,Finalizado,Finalizado,Não,Sim,,,,,,,,,
Null,Balcão,Cliente 452,Feminino,(71) 0000-0000,,,,26/11/2018,,Sim,22/11/2018,24/01/2020,Finalizado,Finalizado,Sim,Sim,,,,,,,,,
Null,Balcão,Cliente 453,Feminino,(71) 0000-0000,,,,26/01/2019,,Sim,22/01/2019,22/01/2019,Finalizado,Finalizado,Sim,Sim,,,,,,,,,
Null,Balcão,Cliente 454,Feminino,(71) 0000-0000,,,,1/3/2018,,Sim,1/3/2018,27/03/2019,Finalizado,Finalizado,Não,Sim,,,,,,,,,
Null,Balcão,Cliente 455,Feminino,(71) 0000-0000,,,,11/4/2023,,Sim,,,,,Sim,Sim,,,,,,,,,
Null,Balcão,Cliente 456,Feminino,(71) 0000-0000,,,,11/4/2023,,Sim,1/4/2023,1/4/2023,Finalizado,Finalizado,Sim,Sim,,,,,,,,,
Null,Balcão,Cliente 457,Feminino,(71) 0000-0000,,,,15/05/2019,,Sim,11/5/2019,10/2/2020,Finalizado,Finalizado,Sim,Sim,,,,,,,,,
Null,Balcão,Cliente 458,Feminino,(71) 0000-0000,,,,10/3/2018,,Sim,10/3/2018,29/03/2018,Finalizado,Finalizado,Sim,Sim,,,,,,,,,
Null,Balcão,Cliente 459,Feminino,(71) 0000-0000,,,,30/09/2018,,Sim,28/09/2018,6/2/2020,Finalizado,Finalizado,Sim,Sim,,,,,,,,,
Null,Balcão,Cliente 460,Feminino,(71) 0000-0000,,,,19/04/2023,,Sim,19/04/2023,2/5/2023,Finalizado,Finalizado,Sim,Sim,,,,,,,,,
Null,Balcão,Cliente 461,Feminino,(71) 0000-0000,,,,8/9/2018,,Sim,8/9/2018,21/11/2019,Finalizado,Finalizado,Não,Sim,,,,,,,,,
Null,Balcão,Cliente 462,Feminino,(71) 0000-0000,,,,15/09/2018,,Sim,13/09/2018,13/09/2018,Finalizado,Finalizado,Não,Sim,,,,,,,,,
Null,Balcão,Cliente 463,Feminino,(71) 0000-0000,,,,1/5/2019,,Sim,26/04/2019,27/09/2019,Finalizado,Finalizado,Sim,Sim,,,,,,,,,
Null,Balcão,Cliente 464,Feminino,(71) 0000-0000,,,,15/05/2019,,Sim,10/5/2019,10/5/2019,Finalizado,Finalizado,Sim,Sim,,,,,,,,,
Null,Balcão,Cliente 465,Feminino,(71) 0000-0000,,,,29/09/2019,,Sim,7/10/2019,25/04/2023,Finalizado,Finalizado,Sim,Sim,,,,,,,,,
Null,Balcão,Cliente 466,Feminino,(71) 0000-0000,,,,29/09/2019,,Sim,25/09/2019,25/09/2019,Finalizado,Finalizado,Sim,Sim,,,,,,,,,
Null,Balcão,Cliente 467,Feminino,(71) 0000-0000,,,,16/12/2018,,Sim,13/12/2018,13/12/2018,Finalizado,Finalizado,Sim,Sim,,,,,,,,,
Null,Balcão,Cliente 468,Feminino,(71) 0000-0000,,,,11/7/2018,,Sim,11/7/2018,21/08/2018,Finalizado,Finalizado,Sim,Sim,,,,,,,,,
Null,Balcão,Cliente 469,Feminino,(71) 0000-0000,,,,29/01/2019,,Sim,28/01/2019,26/02/2020,Finalizado,Finalizado,Sim,Sim,,,,,,,,,
Null,Balcão,Cliente 470,Feminino,(71) 0000-0000,,,,26/02/2019,,Sim,21/02/2019,6/12/2019,Finalizado,Finalizado,Sim,Sim,,,,,,,,,
Null,Balcão,Cliente 471,Feminino,(71) 0000-0000,,,,19/03/2019,,Sim,16/03/2019,16/03/2019,Finalizado,Finalizado,Sim,Sim,,,,,,,,,
Null,Balcão,Cliente 472,Feminino,(71) 0000-0000,,,,9/8/2018,,Sim,9/8/2018,9/8/2018,Finalizado,Finalizado,Sim,Sim,,,,,,,,,
Null,Balcão,Cliente 473,Feminino,(71) 0000-0000,,,,9/3/2018,,Sim,9/3/2018,31/12/2019,Finalizado,Finalizado,Sim,Sim,,,,,,,,,
Null,Balcão,Cliente 474,Feminino,(71) 0000-0000,,,,1/1/2019,,Sim,31/12/2018,31/12/2018,Finalizado,Finalizado,Sim,Sim,,,,,,,,,
Null,Balcão,Cliente 475,Feminino,(71) 0000-0000,,,,24/10/2018,,Sim,24/10/2018,14/08/2019,Finalizado,Finalizado,Sim,Sim,,,,,,,,,
Null,Balcão,Cliente 476,Feminino,(71) 0000-0000,,,,16/12/2018,,Sim,8/12/2018,8/12/2018,Finalizado,Finalizado,Sim,Sim,,,,,,,,,
Null,Balcão,Cliente 477,Feminino,(71) 0000-0000,,,,26/01/2019,,Sim,26/01/2019,26/01/2019,Finalizado,Finalizado,Sim,Sim,,,,,,,,,
Null,Balcão,Cliente 478,Feminino,(71) 0000-0000,,,,16/06/2018,,Sim,16/06/2018,16/06/2018,Confirmado,Confirmado,Sim,Sim,,,,,,,,,
Null,Balcão,Cliente 479,Feminino,(71) 0000-0000,,,,25/03/2019,,Sim,21/03/2019,21/03/2019,Finalizado,Finalizado,Sim,Sim,,,,,,,,,
Null,Balcão,Cliente 480,Feminino,(71) 0000-0000,,,,4/10/2018,,Sim,3/10/2018,3/10/2018,Finalizado,Finalizado,Sim,Sim,,,,,,,,,
Null,Balcão,Cliente 481,Feminino,(71) 0000-0000,,,,7/3/2018,,Sim,7/3/2018,7/7/2018,Finalizado,Finalizado,Não,Sim,,,,,,,,,
Null,Balcão,Cliente 482,Feminino,(71) 0000-0000,,,,30/06/2018,,Sim,30/06/2018,30/06/2018,Finalizado,Finalizado,Sim,Sim,,,,,,,,,
Null,Balcão,Cliente 483,Feminino,(71) 0000-0000,,,,7/2/2018,,Sim,28/02/2018,11/5/2023,Finalizado,Finalizado,Não,Sim,,,,,,,,,
Null,Balcão,Cliente 484,Feminino,(71) 0000-0000,,,,7/9/2018,,Sim,5/9/2018,2/10/2018,Finalizado,Finalizado,Não,Sim,,,,,,,,,
Null,Balcão,Cliente 485,Feminino,(71) 0000-0000,,,,4/10/2018,,Sim,3/10/2018,10/9/2019,Finalizado,Finalizado,Sim,Sim,,,,,,,,,
Null,Balcão,Cliente 486,Feminino,(71) 0000-0000,,,,26/10/2018,,Sim,25/10/2018,25/10/2018,Finalizado,Finalizado,Sim,Sim,,,,,,,,,
Null,Balcão,Cliente 487,Feminino,(71) 0000-0000,,,,29/06/2018,,Sim,29/06/2018,13/11/2018,Finalizado,Finalizado,Sim,Sim,,,,,,,,,
Null,Balcão,Cliente 488,Feminino,(71) 0000-0000,,,,5/4/2023,,Sim,6/4/2023,28/04/2023,Finalizado,Finalizado,Sim,Sim,,,,,,,,,
Null,Balcão,Cliente 489,Feminino,(71) 0000-0000,,,,24/02/2018,,Sim,24/02/2018,14/04/2023,Finalizado,Finalizado,Não,Sim,,,,,,,,,
Null,Balcão,Cliente 490,Feminino,(71) 0000-0000,,,,31/01/2018,,Sim,31/01/2018,16/03/2018,Finalizado,Finalizado,Não,Sim,,,,,,,,,
Null,Balcão,Cliente 491,Masculino,(71) 0000-0000,,,,22/10/2018,,Sim,18/10/2018,30/10/2018,Finalizado,Finalizado,Sim,Sim,,,,,,,,,
Null,Balcão,Cliente 492,Feminino,(71) 0000-0000,,,,14/07/2018,,Sim,14/07/2018,10/6/2019,Finalizado,Finalizado,Não,Sim,,,,,,,,,
Null,Balcão,Cliente 493,Feminino,(71) 0000-0000,,,,9/3/2018,,Sim,9/3/2018,9/3/2018,Finalizado,Finalizado,Sim,Sim,,,,,,,,,
Null,Balcão,Cliente 494,Feminino,(71) 0000-0000,,,,18/11/2018,,Sim,16/11/2018,9/8/2019,Finalizado,Finalizado,Sim,Sim,,,,,,,,,
Null,Balcão,Cliente 495,Feminino,(71) 0000-0000,,,,23/04/2019,,Sim,20/04/2019,14/12/2019,Finalizado,Finalizado,Sim,Sim,,,,,,,,,
Null,Balcão,Cliente 496,Feminino,(71) 0000-0000,,,,11/11/2018,,Sim,6/11/2018,5/12/2019,Finalizado,Finalizado,Não,Sim,,,,,,,,,
Null,Balcão,Cliente 497,Feminino,(71) 0000-0000,,,,19/03/2019,,Sim,15/03/2019,5/6/2019,Finalizado,Finalizado,Sim,Sim,,,,,,,,,
Null,Balcão,Cliente 498,Feminino,(71) 0000-0000,,,,26/12/2018,,Sim,24/12/2018,11/3/2020,Finalizado,Finalizado,Sim,Sim,,,,,,,,,
Null,Balcão,Cliente 499,Feminino,(71) 0000-0000,,,,26/01/2019,,Sim,26/01/2019,26/01/2019,Finalizado,Finalizado,Sim,Sim,,,,,,,,,
Null,Balcão,Cliente 500,Feminino,(71) 0000-0000,,,,5/5/2023,,Sim,4/5/2023,4/5/2023,Finalizado,Finalizado,Sim,Sim,,,,,,,,,
Null,Balcão,Cliente 501,Feminino,(71) 0000-0000,,,,4/8/2018,,Sim,4/8/2018,19/09/2018,Finalizado,Finalizado,Não,Sim,,,,,,,,,
Null,Balcão,Cliente 502,Feminino,(71) 0000-0000,,,,17/01/2018,,Sim,17/01/2018,2/6/2018,Finalizado,Finalizado,Não,Sim,,,,,,,,,
Null,Balcão,Cliente 503,Feminino,(71) 0000-0000,,,,23/04/2019,,Sim,16/04/2019,26/04/2023,Finalizado,Finalizado,Sim,Sim,,,,,,,,,
Null,Balcão,Cliente 504,Feminino,(71) 0000-0000,,,,9/3/2018,,Sim,9/3/2018,4/4/2023,Finalizado,Finalizado,Sim,Sim,,,,,,,,,
Null,Balcão,Cliente 505,Feminino,(71) 0000-0000,,,,20/06/2018,,Sim,20/06/2018,13/03/2020,Finalizado,Finalizado,Sim,Sim,,,,,,,,,
Null,Balcão,Cliente 506,Feminino,(71) 0000-0000,,,,17/02/2019,,Sim,16/02/2019,16/02/2019,Finalizado,Finalizado,Sim,Sim,,,,,,,,,
Null,Balcão,Cliente 507,Feminino,(71) 0000-0000,,,,17/01/2018,,Sim,17/01/2018,21/12/2019,Finalizado,Finalizado,Sim,Sim,,,,,,,,,
Null,Balcão,Cliente 508,Feminino,(71) 0000-0000,,,,25/01/2018,,Sim,25/01/2018,7/3/2020,Finalizado,Finalizado,Não,Sim,,,,,,,,,
Null,Balcão,Cliente 509,Feminino,(71) 0000-0000,,,,6/4/2018,,Sim,6/4/2018,6/4/2018,Finalizado,Finalizado,Sim,Sim,,,,,,,,,
Null,Balcão,Cliente 510,Feminino,(71) 0000-0000,,,,21/04/2018,,Sim,21/04/2018,7/5/2019,Finalizado,Finalizado,Sim,Sim,,,,,,,,,
Null,Balcão,Cliente 511,Feminino,(71) 0000-0000,,,,15/02/2018,,Sim,15/02/2018,15/02/2018,Finalizado,Finalizado,Não,Sim,,,,,,,,,
Null,Balcão,Cliente 512,Feminino,(71) 0000-0000,,,,11/4/2023,,Sim,1/4/2023,15/04/2023,Finalizado,Finalizado,Sim,Sim,,,,,,,,,
Null,Balcão,Cliente 513,Feminino,(71) 0000-0000,,,,10/4/2018,,Sim,17/04/2018,13/10/2018,Finalizado,Finalizado,Sim,Sim,,,,,,,,,
Null,Balcão,Cliente 514,Feminino,(71) 0000-0000,,,,31/01/2018,,Sim,31/01/2018,29/03/2019,Finalizado,Finalizado,Não,Sim,,,,,,,,,
Null,Balcão,Cliente 515,Feminino,(71) 0000-0000,,,,8/5/2023,,Sim,13/05/2023,13/05/2023,Finalizado,Finalizado,Sim,Sim,,,,,,,,,
Null,Balcão,Cliente 516,Feminino,(71) 0000-0000,,,,2/8/2018,,Sim,2/8/2018,24/09/2019,Finalizado,Finalizado,Sim,Sim,,,,,,,,,
Null,Balcão,Cliente 517,Feminino,(71) 0000-0000,,,,26/04/2018,,Sim,26/04/2018,22/11/2018,Finalizado,Cancelado,Sim,Sim,,,,,,,,,
Null,Balcão,Cliente 518,Feminino,(71) 0000-0000,,,,9/2/2018,,Sim,9/2/2018,14/06/2019,Finalizado,Finalizado,Não,Sim,,,,,,,,,
Null,Balcão,Cliente 519,Feminino,(71) 0000-0000,,,,20/01/2018,,Sim,18/01/2018,19/03/2019,Finalizado,Finalizado,Não,Sim,,,,,,,,,
Null,Balcão,Cliente 520,Feminino,(71) 0000-0000,,,,3/3/2018,,Sim,3/3/2018,14/03/2020,Finalizado,Finalizado,Não,Sim,,,,,,,,,
Null,Balcão,Cliente 521,Feminino,(71) 0000-0000,,,,26/09/2018,,Sim,26/09/2018,26/09/2018,Finalizado,Finalizado,Não,Sim,,,,,,,,,
Null,Balcão,Cliente 522,Feminino,(71) 0000-0000,,,,11/11/2018,,Sim,10/11/2018,30/10/2019,Finalizado,Finalizado,Sim,Sim,,,,,,,,,
Null,Balcão,Cliente 523,Feminino,(71) 0000-0000,,,,17/08/2018,,Sim,17/08/2018,20/02/2020,Finalizado,Finalizado,Sim,Sim,,,,,,,,,
Null,Balcão,Cliente 524,Feminino,(71) 0000-0000,,,,13/04/2018,,Sim,27/04/2018,9/5/2023,Finalizado,Finalizado,Sim,Sim,,,,,,,,,
Null,Balcão,Cliente 525,Feminino,(71) 0000-0000,,,,16/02/2018,,Sim,16/02/2018,18/03/2020,Cancelado,Finalizado,Não,Sim,,,,,,,,,
Null,Balcão,Cliente 526,Feminino,(71) 0000-0000,,,,11/4/2018,,Sim,13/04/2018,13/04/2018,Finalizado,Finalizado,Sim,Sim,,,,,,,,,
Null,Balcão,Cliente 527,Feminino,(71) 0000-0000,,,,14/06/2018,,Sim,14/06/2018,14/06/2018,Finalizado,Finalizado,Sim,Sim,,,,,,,,,
Null,Balcão,Cliente 528,Feminino,(71) 0000-0000,,,,31/03/2018,,Sim,31/03/2018,31/03/2018,Finalizado,Finalizado,Sim,Sim,,,,,,,,,
Null,Balcão,Cliente 529,Feminino,(71) 0000-0000,,,,16/12/2018,,Sim,5/12/2018,19/12/2018,Finalizado,Finalizado,Sim,Sim,,,,,,,,,
Null,Balcão,Cliente 530,Feminino,(71) 0000-0000,,,,21/06/2018,,Sim,21/06/2018,24/12/2019,Finalizado,Finalizado,Não,Sim,,,,,,,,,
Null,Balcão,Cliente 531,Feminino,(71) 0000-0000,,,,26/10/2018,,Sim,26/10/2018,30/12/2019,Finalizado,Finalizado,Sim,Sim,,,,,,,,,
Null,Balcão,Cliente 532,Feminino,(71) 0000-0000,,,,17/08/2018,,Sim,17/08/2018,21/10/2019,Finalizado,Finalizado,Sim,Sim,,,,,,,,,
Null,Balcão,Cliente 533,Feminino,(71) 0000-0000,,,,1/6/2018,,Sim,21/06/2018,23/03/2019,Cancelado,Finalizado,Sim,Sim,,,,,,,,,
Null,Balcão,Cliente 534,Feminino,(71) 0000-0000,,,,25/01/2018,,Sim,25/01/2018,25/02/2019,Finalizado,Finalizado,Não,Sim,,,,,,,,,
Null,Balcão,Cliente 535,Feminino,(71) 0000-0000,,,,13/04/2023,,Sim,14/04/2023,6/5/2023,Finalizado,Finalizado,Sim,Sim,,,,,,,,,
Null,Balcão,Cliente 536,Feminino,(71) 0000-0000,,,,27/04/2023,,Sim,27/04/2023,27/04/2023,Finalizado,Finalizado,Sim,Sim,,,,,,,,,
Null,Balcão,Cliente 537,Feminino,(71) 0000-0000,,,,12/4/2023,,Sim,12/4/2023,10/5/2023,Finalizado,Finalizado,Sim,Sim,,,,,,,,,
Null,Balcão,Cliente 538,Feminino,(71) 0000-0000,,,,11/11/2018,,Sim,10/11/2018,22/11/2018,Finalizado,Finalizado,Sim,Sim,,,,,,,,,
Null,Balcão,Cliente 539,Feminino,(71) 0000-0000,,,,14/07/2018,,Sim,14/07/2018,13/03/2020,Finalizado,Finalizado,Não,Sim,,,,,,,,,
Null,Balcão,Cliente 540,Feminino,(71) 0000-0000,,,,17/11/2018,,Sim,14/11/2018,15/02/2020,Finalizado,Finalizado,Sim,Sim,,,,,,,,,
Null,Balcão,Cliente 541,Feminino,(71) 0000-0000,,,,9/3/2018,,Sim,9/3/2018,8/1/2020,Finalizado,Finalizado,Sim,Sim,,,,,,,,,
Null,Balcão,Cliente 542,Feminino,(71) 0000-0000,,,,16/05/2018,,Sim,18/05/2018,16/06/2018,Finalizado,Finalizado,Sim,Sim,,,,,,,,,
Null,Balcão,Cliente 543,Feminino,(71) 0000-0000,,,,9/3/2018,,Sim,9/3/2018,27/02/2020,Cancelado,Finalizado,Sim,Sim,,,,,,,,,
Null,Balcão,Cliente 544,Feminino,(71) 0000-0000,,,,25/08/2019,,Sim,5/8/2019,5/8/2019,Finalizado,Finalizado,Sim,Sim,,,,,,,,,
Null,Balcão,Cliente 545,Feminino,(71) 0000-0000,,,,1/6/2018,,Sim,2/6/2018,25/07/2019,Finalizado,Finalizado,Sim,Sim,,,,,,,,,
Null,Balcão,Cliente 546,Feminino,(71) 0000-0000,,,,3/3/2018,,Sim,3/3/2018,1/11/2018,Cancelado,Finalizado,Sim,Sim,,,,,,,,,
Null,Balcão,Cliente 547,Feminino,(71) 0000-0000,,,,5/7/2018,,Sim,5/7/2018,22/02/2019,Finalizado,Finalizado,Não,Sim,,,,,,,,,
Null,Balcão,Cliente 548,Feminino,(71) 0000-0000,,,,31/08/2018,,Sim,31/08/2018,31/08/2018,Finalizado,Finalizado,Não,Sim,,,,,,,,,
Null,Balcão,Cliente 549,Feminino,(71) 0000-0000,,,,30/05/2018,,Sim,30/05/2018,30/05/2018,Finalizado,Finalizado,Sim,Sim,,,,,,,,,
Null,Balcão,Cliente 550,Feminino,(71) 0000-0000,,,,11/7/2018,,Sim,11/7/2018,11/7/2018,Finalizado,Finalizado,Sim,Sim,,,,,,,,,
Null,Balcão,Cliente 551,Feminino,(71) 0000-0000,,,,21/07/2018,,Sim,21/07/2018,15/09/2018,Cancelado,Finalizado,Sim,Sim,,,,,,,,,
Null,Balcão,Cliente 552,Feminino,(71) 0000-0000,,,,31/03/2018,,Sim,31/03/2018,19/05/2018,Finalizado,Finalizado,Sim,Sim,,,,,,,,,
Null,Balcão,Cliente 553,Feminino,(71) 0000-0000,,,,9/2/2018,,Sim,9/2/2018,9/2/2018,Finalizado,Finalizado,Não,Sim,,,,,,,,,
Null,Balcão,Cliente 554,Feminino,(71) 0000-0000,,,,20/01/2018,,Sim,19/01/2018,6/4/2018,Finalizado,Finalizado,Não,Sim,,,,,,,,,
Null,Balcão,Cliente 555,Feminino,(71) 0000-0000,,,,1/12/2018,,Sim,1/12/2018,23/01/2020,Finalizado,Finalizado,Sim,Sim,,,,,,,,,
Null,Balcão,Cliente 556,Feminino,(71) 0000-0000,,,,13/07/2018,,Sim,13/07/2018,28/10/2019,Finalizado,Finalizado,Sim,Sim,,,,,,,,,
Null,Balcão,Cliente 557,Feminino,(71) 0000-0000,,,,17/01/2018,,Sim,13/01/2018,6/6/2018,Finalizado,Finalizado,Não,Sim,,,,,,,,,
Null,Balcão,Cliente 558,Feminino,(71) 0000-0000,,,,7/9/2018,,Sim,6/9/2018,6/9/2018,Finalizado,Finalizado,Não,Sim,,,,,,,,,
Null,Balcão,Cliente 559,Feminino,(71) 0000-0000,,,,16/06/2018,,Sim,16/06/2018,16/06/2018,Cancelado,Cancelado,Sim,Sim,,,,,,,,,
Null,Balcão,Cliente 560,Feminino,(71) 0000-0000,,,,16/02/2018,,Sim,17/02/2018,26/04/2023,Cancelado,Finalizado,Não,Sim,,,,,,,,,
Null,Balcão,Cliente 561,Feminino,(71) 0000-0000,,,,14/06/2018,,Sim,14/06/2018,17/02/2020,Finalizado,Finalizado,Sim,Sim,,,,,,,,,
Null,Balcão,Cliente 562,Feminino,(71) 0000-0000,,,,5/4/2023,Coloração keune,,,,,,,,,,,,,,,,
Null,Balcão,Cliente 563,Feminino,(71) 0000-0000,,,,8/6/2018,,Sim,7/6/2018,7/6/2018,Finalizado,Finalizado,Sim,Sim,,,,,,,,,
Null,Balcão,Cliente 564,Feminino,(71) 0000-0000,,,,8/3/2018,,Sim,8/3/2018,2/10/2019,Finalizado,Finalizado,Sim,Sim,,,,,,,,,
Null,Balcão,Cliente 565,Feminino,(71) 0000-0000,,,,20/01/2019,,Sim,19/01/2019,6/6/2019,Finalizado,Finalizado,Sim,Sim,,,,,,,,,
Null,Balcão,Cliente 566,Feminino,(71) 0000-0000,,,,1/8/2019,,Sim,18/07/2019,18/07/2019,Finalizado,Finalizado,Sim,Sim,,,,,,,,,
Null,Balcão,Cliente 567,Feminino,(71) 0000-0000,,,,16/12/2018,,Sim,11/12/2018,3/3/2020,Finalizado,Finalizado,Sim,Sim,,,,,,,,,
Null,Balcão,Cliente 568,Feminino,(71) 0000-0000,,,,31/01/2018,,Sim,31/01/2018,12/4/2019,Finalizado,Finalizado,Não,Sim,,,,,,,,,
Null,Balcão,Cliente 569,Feminino,(71) 0000-0000,,,,26/09/2018,,Sim,26/09/2018,26/09/2018,Finalizado,Finalizado,Não,Sim,,,,,,,,,
Null,Balcão,Cliente 570,Feminino,(71) 0000-0000,,,,15/05/2019,,Sim,8/5/2019,5/5/2023,Finalizado,Finalizado,Sim,Sim,,,,,,,,,
Null,Balcão,Cliente 571,Feminino,(71) 0000-0000,,,,1/8/2019,,Sim,9/7/2019,13/05/2023,Finalizado,Finalizado,Sim,Sim,,,,,,,,,
Null,Balcão,Cliente 572,Feminino,(71) 0000-0000,,,,26/12/2018,,Sim,24/12/2018,24/12/2018,Finalizado,Finalizado,Sim,Sim,,,,,,,,,
Null,Balcão,Cliente 573,Feminino,(71) 0000-0000,,,,30/10/2018,,Sim,30/10/2018,6/11/2018,Finalizado,Finalizado,Sim,Sim,,,,,,,,,
Null,Balcão,Cliente 574,Feminino,(71) 0000-0000,,,,25/05/2018,,Sim,25/05/2018,13/07/2018,Finalizado,Em atendimento,Sim,Sim,,,,,,,,,
Null,Balcão,Cliente 575,Feminino,(71) 0000-0000,,,,27/02/2018,,Sim,27/02/2018,17/01/2020,Finalizado,Finalizado,Não,Sim,,,,,,,,,
Null,Balcão,Cliente 576,Feminino,(71) 0000-0000,,,,26/01/2018,,Sim,27/01/2018,8/2/2020,Finalizado,Finalizado,Não,Sim,,,,,,,,,
Null,Balcão,Cliente 577,Feminino,(71) 0000-0000,,,,12/4/2018,,Sim,12/4/2018,12/4/2018,Finalizado,Finalizado,Não,Sim,,,,,,,,,
Null,Balcão,Cliente 578,Feminino,(71) 0000-0000,,,,7/4/2018,,Sim,7/4/2018,9/5/2023,Finalizado,Finalizado,Sim,Sim,,,,,,,,,
Null,Balcão,Cliente 579,Feminino,(71) 0000-0000,,,,16/03/2019,,Sim,11/3/2019,11/4/2019,Finalizado,Finalizado,Sim,Sim,,,,,,,,,
Null,Balcão,Cliente 580,Feminino,(71) 0000-0000,,,,29/03/2018,,Sim,29/03/2018,6/3/2020,Finalizado,Finalizado,Sim,Sim,,,,,,,,,
Null,Balcão,Cliente 581,Feminino,(71) 0000-0000,,,,20/01/2018,,Sim,18/01/2018,30/01/2018,Finalizado,Finalizado,Não,Sim,,,,,,,,,
Null,Balcão,Cliente 582,Feminino,(71) 0000-0000,,,,9/6/2018,,Sim,9/6/2018,15/09/2018,Finalizado,Finalizado,Não,Sim,,,,,,,,,
Null,Balcão,Cliente 583,Feminino,(71) 0000-0000,,,,15/09/2018,,Sim,13/09/2018,13/09/2018,Finalizado,Finalizado,Não,Sim,,,,,,,,,
Null,Balcão,Cliente 584,Feminino,(71) 0000-0000,,,,4/5/2018,,Sim,5/5/2018,5/5/2018,Finalizado,Finalizado,Sim,Sim,,,,,,,,,
Null,Balcão,Cliente 585,Feminino,(71) 0000-0000,,,,7/4/2018,,Sim,7/4/2018,22/01/2020,Finalizado,Finalizado,Sim,Sim,,,,,,,,,
Null,Balcão,Cliente 586,Feminino,(71) 0000-0000,,,,5/4/2018,,Sim,5/4/2018,13/05/2023,Finalizado,Finalizado,Sim,Sim,,,,,,,,,
Null,Balcão,Cliente 587,Feminino,(71) 0000-0000,,,,30/06/2018,,Sim,30/06/2018,30/06/2018,Cancelado,Finalizado,Sim,Sim,,,,,,,,,
Null,Balcão,Cliente 588,Feminino,(71) 0000-0000,,,,8/6/2018,,Sim,8/6/2018,8/6/2018,Finalizado,Finalizado,Sim,Sim,,,,,,,,,
Null,Balcão,Cliente 589,Feminino,(71) 0000-0000,,,,11/11/2018,,Sim,10/11/2018,21/11/2019,Finalizado,Finalizado,Sim,Sim,,,,,,,,,
Null,Balcão,Cliente 590,Feminino,(71) 0000-0000,,,,7/2/2018,,Sim,7/2/2018,15/02/2019,Finalizado,Finalizado,Não,Sim,,,,,,,,,
Null,Balcão,Cliente 591,Feminino,(71) 0000-0000,,,,11/11/2018,,Sim,1/11/2018,28/12/2019,Finalizado,Finalizado,Sim,Sim,,,,,,,,,
Null,Balcão,Cliente 592,Feminino,(71) 0000-0000,,,,7/9/2018,,Sim,5/9/2018,17/05/2019,Finalizado,Finalizado,Não,Sim,,,,,,,,,
Null,Balcão,Cliente 593,Feminino,(71) 0000-0000,,,,2/1/2020,,Sim,24/12/2019,24/12/2019,Finalizado,Finalizado,Sim,Sim,,,,,,,,,
Null,Balcão,Cliente 594,Feminino,(71) 0000-0000,,,,14/01/2018,,Sim,13/01/2018,28/02/2018,Finalizado,Finalizado,Não,Sim,,,,,,,,Indicação amigo,
Null,Balcão,Cliente 595,Feminino,(71) 0000-0000,,,,22/02/2018,,Sim,22/02/2018,14/08/2018,Finalizado,Finalizado,Não,Sim,,,,,,,,,
Null,Balcão,Cliente 596,Feminino,(71) 0000-0000,,,,17/11/2018,,Sim,13/11/2018,1/7/2019,Finalizado,Finalizado,Sim,Sim,,,,,,,,,
Null,Balcão,Cliente 597,Feminino,(71) 0000-0000,,,,26/09/2018,,Sim,25/09/2018,3/12/2019,Finalizado,Finalizado,Não,Sim,,,,,,,,,
Null,Balcão,Cliente 598,Feminino,(71) 0000-0000,,,,31/05/2019,,Sim,24/05/2019,24/05/2019,Confirmado,Confirmado,Sim,Sim,,,,,,,,,
Null,Balcão,Cliente 599,Feminino,(71) 0000-0000,,,,27/02/2018,,Sim,28/02/2018,10/5/2019,Finalizado,Finalizado,Não,Sim,,,,,,,,,
Null,Balcão,Cliente 600,Feminino,(71) 0000-0000,,,,16/05/2018,,Sim,16/05/2018,18/03/2019,Finalizado,Finalizado,Sim,Sim,,,,,,,,,
Null,Balcão,Cliente 601,Feminino,(71) 0000-0000,,,,14/06/2018,,Sim,14/06/2018,14/06/2018,Finalizado,Finalizado,Sim,Sim,,,,,,,,,
Null,Balcão,Cliente 602,Feminino,(71) 0000-0000,,,,15/03/2019,,Sim,2/3/2019,2/3/2019,Finalizado,Finalizado,Sim,Sim,,,,,,,,,
Null,Balcão,Cliente 603,Feminino,(71) 0000-0000,,,,17/03/2018,,Sim,17/03/2018,16/03/2019,Cancelado,Finalizado,Não,Sim,,,,,,,,,
Null,Balcão,Cliente 604,Feminino,(71) 0000-0000,,,,24/09/2019,,Sim,3/9/2019,2/3/2020,Finalizado,Finalizado,Sim,Sim,,,,,,,,,
Null,Balcão,Cliente 605,Feminino,(71) 0000-0000,,,,26/01/2019,,Sim,25/01/2019,7/3/2020,Finalizado,Finalizado,Sim,Sim,,,,,,,,,
Null,Balcão,Cliente 606,Feminino,(71) 0000-0000,,,,13/04/2023,,Sim,15/04/2023,15/04/2023,Finalizado,Finalizado,Sim,Sim,,,,,,,,,
Null,Balcão,Cliente 607,Feminino,(71) 0000-0000,,,,12/4/2018,,Sim,13/04/2018,2/5/2018,Finalizado,Cancelado,Não,Sim,,,,,,,,,
Null,Balcão,Cliente 608,Feminino,(71) 0000-0000,,,,1/5/2019,,Sim,25/04/2019,25/04/2019,Finalizado,Finalizado,Sim,Sim,,,,,,,,,
Null,Balcão,Cliente 609,Feminino,(71) 0000-0000,,,,16/12/2018,,Sim,7/12/2018,7/12/2018,Confirmado,Confirmado,Sim,Sim,,,,,,,,,
Null,Balcão,Cliente 610,Feminino,(71) 0000-0000,,,,23/04/2019,,Sim,18/04/2019,11/11/2019,Finalizado,Finalizado,Sim,Sim,,,,,,,,,
Null,Balcão,Cliente 611,Feminino,(71) 0000-0000,,,,12/5/2018,,Sim,12/5/2018,23/01/2019,Finalizado,Finalizado,Sim,Sim,,,,,,,,,
Null,Balcão,Cliente 612,Feminino,(71) 0000-0000,,,,4/10/2018,,Sim,3/10/2018,3/10/2018,Finalizado,Finalizado,Sim,Sim,,,,,,,,,
Null,Balcão,Cliente 613,Feminino,(71) 0000-0000,,,,2/2/2020,,Sim,6/1/2020,6/1/2020,Finalizado,Finalizado,Sim,Sim,,,,,,,,,
Null,Balcão,Cliente 614,Feminino,(71) 0000-0000,,,,10/2/2019,,Sim,5/2/2019,14/02/2020,Finalizado,Finalizado,Sim,Sim,,,,,,,,,
Null,Balcão,Cliente 615,Feminino,(71) 0000-0000,,,,17/01/2018,,Sim,12/1/2018,19/01/2018,Finalizado,Finalizado,Sim,Sim,,,,,,,,,
Null,Balcão,Cliente 616,Feminino,(71) 0000-0000,,,,1/3/2020,,Sim,5/2/2020,14/02/2020,Finalizado,Finalizado,Sim,Sim,,,,,,,,,
Null,Balcão,Cliente 617,Feminino,(71) 0000-0000,,,,19/12/2018,,Sim,19/12/2018,19/12/2018,Finalizado,Finalizado,Sim,Sim,,,,,,,,,
Null,Balcão,Cliente 618,Feminino,(71) 0000-0000,,,,9/5/2018,,Sim,9/5/2018,5/9/2018,Finalizado,Finalizado,Sim,Sim,,,,,,,,,
Null,Balcão,Cliente 619,Feminino,(71) 0000-0000,,,,16/12/2018,,Sim,12/12/2018,1/7/2019,Finalizado,Finalizado,Sim,Sim,,,,,,,,,
Null,Balcão,Cliente 620,Feminino,(71) 0000-0000,,,,7/9/2018,,Sim,5/9/2018,28/06/2019,Finalizado,Finalizado,Não,Sim,,,,,,,,,
Null,Balcão,Cliente 621,Feminino,(71) 0000-0000,,,,26/05/2018,,Sim,26/05/2018,8/6/2018,Finalizado,Finalizado,Sim,Sim,,,,,,,,,
Null,Balcão,Cliente 622,Feminino,(71) 0000-0000,,,,8/2/2018,,Sim,8/2/2018,29/03/2019,Finalizado,Finalizado,Não,Sim,,,,,,,,,
Null,Balcão,Cliente 623,Feminino,(71) 0000-0000,,,,11/5/2018,,Sim,11/5/2018,29/03/2019,Cancelado,Finalizado,Sim,Sim,,,,,,,,,
Null,Balcão,Cliente 624,Feminino,(71) 0000-0000,,,,23/02/2018,,Sim,23/02/2018,13/03/2018,Finalizado,Finalizado,Não,Sim,,,,,,,,,
Null,Balcão,Cliente 625,Feminino,(71) 0000-0000,,,,2/9/2019,,Sim,24/08/2019,5/10/2019,Finalizado,Finalizado,Sim,Sim,,,,,,,,,
Null,Balcão,Cliente 626,Feminino,(71) 0000-0000,,,,10/8/2018,,Sim,10/8/2018,12/5/2023,Finalizado,Finalizado,Sim,Sim,,,,,,,,,
Null,Balcão,Cliente 627,Feminino,(71) 0000-0000,,,,3/4/2018,,Sim,6/4/2018,20/06/2018,Finalizado,Cancelado,Sim,Sim,,,,,,,,,
Null,Balcão,Cliente 628,Feminino,(71) 0000-0000,,,,7/9/2018,,Sim,6/9/2018,10/2/2020,Finalizado,Finalizado,Não,Sim,,,,,,,,,
Null,Balcão,Cliente 629,Feminino,(71) 0000-0000,,,,23/08/2018,,Sim,22/08/2018,19/02/2020,Finalizado,Finalizado,Não,Sim,,,,,,,,,
Null,Balcão,Cliente 630,Feminino,(71) 0000-0000,,,,1/12/2018,,Sim,29/11/2018,6/3/2020,Finalizado,Finalizado,Sim,Sim,,,,,,,,,
Null,Balcão,Cliente 631,Feminino,(71) 0000-0000,,,,8/6/2018,,Sim,8/6/2018,19/10/2018,Finalizado,Finalizado,Sim,Sim,,,,,,,,,
Null,Balcão,Cliente 632,Feminino,(71) 0000-0000,,,,11/4/2023,,Sim,12/4/2023,11/5/2023,Finalizado,Finalizado,Sim,Sim,,,,,,,,,
Null,Balcão,Cliente 633,Feminino,(71) 0000-0000,,,,11/4/2023,,Sim,13/04/2023,11/5/2023,Finalizado,Finalizado,Sim,Sim,,,,,,,,,
Null,Balcão,Cliente 634,Feminino,(71) 0000-0000,,,,5/4/2023,,Sim,5/4/2023,5/4/2023,Cancelado,Cancelado,Sim,Sim,,,,,,,,,
Null,Balcão,Cliente 635,Feminino,(71) 0000-0000,,,,9/2/2018,,Sim,9/2/2018,17/03/2020,Finalizado,Finalizado,Não,Sim,,,,,,,,,
Null,Balcão,Cliente 636,Feminino,(71) 0000-0000,,,,24/05/2018,,Sim,24/05/2018,24/05/2018,Finalizado,Finalizado,Sim,Sim,,,,,,,,,
Null,Balcão,Cliente 637,Feminino,(71) 0000-0000,,,,9/6/2018,,Sim,9/6/2018,9/11/2019,Finalizado,Finalizado,Sim,Sim,,,,,,,,,
Null,Balcão,Cliente 638,Feminino,(71) 0000-0000,,,,11/9/2018,,Sim,11/9/2018,11/9/2018,Finalizado,Finalizado,Não,Sim,,,,,,,,,
Null,Balcão,Cliente 639,Feminino,(71) 0000-0000,,,,12/5/2018,,Sim,12/5/2018,12/5/2018,Cancelado,Finalizado,Sim,Sim,,,,,,,,,
Null,Balcão,Cliente 640,Feminino,(71) 0000-0000,,,,10/2/2018,,Sim,10/2/2018,10/2/2018,Finalizado,Finalizado,Não,Sim,,,,,,,,,
Null,Balcão,Cliente 641,Feminino,(71) 0000-0000,,,,18/04/2018,,Sim,18/04/2018,13/03/2020,Finalizado,Finalizado,Sim,Sim,,,,,,,,,
Null,Balcão,Cliente 642,Feminino,(71) 0000-0000,,,,19/04/2018,,Sim,19/04/2018,16/05/2023,Finalizado,Finalizado,Sim,Sim,,,,,,,,,
Null,Balcão,Cliente 643,Feminino,(71) 0000-0000,,,,2/2/2018,,Sim,2/2/2018,7/1/2020,Finalizado,Finalizado,Não,Sim,,,,,,,,,
Null,Balcão,Cliente 644,Feminino,(71) 0000-0000,,,,26/11/2018,,Sim,22/11/2018,22/11/2018,Finalizado,Finalizado,Sim,Sim,,,,,,,,,
Null,Balcão,Cliente 645,Feminino,(71) 0000-0000,,,,2/2/2018,,Sim,2/2/2018,20/03/2020,Finalizado,Finalizado,Não,Sim,,,,,,,,,
Null,Balcão,Cliente 646,Feminino,(71) 0000-0000,,,,11/5/2018,,Sim,12/5/2018,12/5/2018,Finalizado,Finalizado,Sim,Sim,,,,,,,,,
Null,Balcão,Cliente 647,Feminino,(71) 0000-0000,,,,6/4/2018,,Sim,6/4/2018,30/04/2019,Finalizado,Finalizado,Sim,Sim,,,,,,,,,
Null,Balcão,Cliente 648,Feminino,(71) 0000-0000,,,,9/3/2018,,Sim,9/3/2018,13/03/2020,Finalizado,Finalizado,Sim,Sim,,,,,,,,,
Null,Balcão,Cliente 649,Feminino,(71) 0000-0000,,,,22/12/2018,,Sim,22/12/2018,18/04/2019,Finalizado,Finalizado,Sim,Sim,,,,,,,,,
Null,Balcão,Cliente 650,Feminino,(71) 0000-0000,,,,18/09/2018,,Sim,15/09/2018,21/09/2018,Finalizado,Finalizado,Não,Sim,,,,,,,,,
Null,Balcão,Cliente 651,Feminino,(71) 0000-0000,,,,1/1/2019,,Sim,31/12/2018,13/03/2020,Finalizado,Finalizado,Sim,Sim,,,,,,,,,
Null,Balcão,Cliente 652,Feminino,(71) 0000-0000,,,,31/12/2018,,Sim,29/12/2018,25/01/2020,Finalizado,Finalizado,Sim,Sim,,,,,,,,,
Null,Balcão,Cliente 653,Feminino,(71) 0000-0000,,,,15/05/2019,,Sim,11/5/2019,1/8/2019,Finalizado,Finalizado,Sim,Sim,,,,,,,,,
Null,Balcão,Cliente 654,Feminino,(71) 0000-0000,,,,24/03/2018,,Sim,24/03/2018,24/03/2018,Finalizado,Finalizado,Não,Sim,,,,,,,,,
Null,Balcão,Cliente 655,Feminino,(71) 0000-0000,,,,2/3/2020,,Sim,8/2/2020,8/2/2020,Finalizado,Finalizado,Sim,Sim,,,,,,,,,
Null,Balcão,Cliente 656,Feminino,(71) 0000-0000,,,,18/01/2018,,Sim,18/01/2018,18/01/2018,Cancelado,Cancelado,Não,Sim,,,,,,,,,
Null,Balcão,Cliente 657,Feminino,(71) 0000-0000,,,,17/01/2018,,Sim,16/01/2018,18/01/2018,Finalizado,Cancelado,Não,Sim,,,,,,,,,
Null,Balcão,Cliente 658,Feminino,(71) 0000-0000,,,,20/01/2018,,Sim,18/01/2018,18/10/2018,Cancelado,Finalizado,Não,Sim,,,,,,,,,
Null,Balcão,Cliente 659,Feminino,(71) 0000-0000,,,,14/05/2019,,Sim,3/5/2019,3/5/2019,Finalizado,Finalizado,Sim,Sim,,,,,,,,,
Null,Balcão,Cliente 660,Feminino,(71) 0000-0000,,,,5/4/2023,,Sim,6/4/2023,11/5/2023,Finalizado,Finalizado,Sim,Sim,,,,,,,,,
Null,Balcão,Cliente 661,Feminino,(71) 0000-0000,,,,18/04/2023,,Sim,18/04/2023,13/05/2023,Finalizado,Finalizado,Sim,Sim,,,,,,,,,
Null,Balcão,Cliente 662,Feminino,(71) 0000-0000,,,,17/01/2018,,Sim,12/1/2018,12/1/2018,Finalizado,Finalizado,Sim,Sim,,,,,,,,,
Null,Balcão,Cliente 663,Feminino,(71) 0000-0000,,,,5/9/2018,,Sim,4/9/2018,4/9/2018,Finalizado,Finalizado,Sim,Sim,,,,,,,,,
Null,Balcão,Cliente 664,Feminino,(71) 0000-0000,,,,18/11/2018,,Sim,17/11/2018,21/02/2020,Finalizado,Finalizado,Sim,Sim,,,,,,,,,
Null,Balcão,Cliente 665,Feminino,(71) 0000-0000,,,,5/5/2018,,Sim,5/5/2018,16/01/2020,Cancelado,Cancelado,Sim,Sim,,,,,,,,,
Null,Balcão,Cliente 666,Feminino,(71) 0000-0000,,,,22/10/2018,,Sim,19/10/2018,16/03/2020,Finalizado,Finalizado,Sim,Sim,,,,,,,,,
Null,Balcão,Cliente 667,Feminino,(71) 0000-0000,,,,6/6/2018,,Sim,6/6/2018,19/03/2020,Finalizado,Finalizado,Sim,Sim,,,,,,,,,
Null,Balcão,Cliente 668,Feminino,(71) 0000-0000,,,,2/11/2019,,Sim,15/10/2019,1/2/2020,Finalizado,Finalizado,Sim,Sim,,,,,,,,,
Null,Balcão,Cliente 669,Feminino,(71) 0000-0000,,,,28/08/2018,,Sim,28/08/2018,28/08/2018,Finalizado,Finalizado,Sim,Sim,,,,,,,,,
Null,Balcão,Cliente 670,Feminino,(71) 0000-0000,,,,14/03/2018,,Sim,15/03/2018,15/03/2018,Confirmado,Confirmado,Não,Sim,,,,,,,,,
Null,Balcão,Cliente 671,Feminino,(71) 0000-0000,,,,25/04/2018,,Sim,25/04/2018,7/8/2018,Finalizado,Finalizado,Sim,Sim,,,,,,,,,
Null,Balcão,Cliente 672,Feminino,(71) 98103-2163,,,,31/07/2018,,Sim,31/07/2018,31/07/2018,Finalizado,Finalizado,Sim,Sim,,,,,,,,,
Null,Balcão,Cliente 673,Feminino,(71) 98882-3574,,,,24/05/2018,,Sim,24/05/2018,5/11/2019,Finalizado,Finalizado,Sim,Sim,,,,,,,,,
